"mechanism","NPB_F18_1_E6_S66","NPB_F15_2_B2_S76","NPB_F12_2_F9_S40","NPB_F7_9_A12_S34","NPB_F13_6_F11_S56","NPB_F1_9_A3_S9","NPB_F13_3_C11_S53","NPB_F17_12_D6_S65","NPB_F13_8_H11_S58","NPB_F9_6_F5_S8","NPB_F15_6_F2_S80","NPB_F10_11_G7_S25","NPB_F18_4_H6_S69","NPB_F12_7_C10_S45","NPB_F14_8_D1_S70","NPB_F7_2_B11_S27","NPB_F2_12_H4_S24","NPB_F6_3_G9_S16","NPB_F9_10_B6_S12","NPB_F11_2_B8_S28","NPB_F13_4_D11_S54","NPB_F18_6_B7_S71","NPB_F2_6_B4_S18","NPB_F14_4_H12_S66","NPB_F2_11_G4_S23","NPB_F1_2_B2_S2","NPB_F14_10_F1_S72","NPB_F17_3_C5_S56","NPB_F7_11_C12_S36","NPB_F16_7_C4_S48","NPB_F9_2_B5_S4","NPB_F12_6_B10_S44","NPB_F5_3_C8_S4","NPB_F13_1_A11_S51","NPB_F6_11_G10_S24","NPB_F8_2_F12_S39","NPB_F16_3_G3_S89","NPB_F9_5_E5_S7","NPB_F15_8_H2_S82","NPB_F15_12_D3_S86","NPB_F6_7_C10_S20","NPB_F11_8_H8_S34","NPB_F4_7_C7_S43","NPB_F17_7_G5_S60","NPB_F14_6_B1_S68","NPB_F8_5_A4_S42","NPB_F13_12_D12_S62","NPB_F16_12_H4_S53","NPB_F8_10_F4_S47","NPB_F1_7_G2_S7","NPB_F9_7_G5_S9","NPB_F16_4_H3_S90","NPB_F8_11_G4_S1","NPB_F7_4_D11_S29","NPB_F12_12_H10_S50","NPB_F13_7_G11_S57","NPB_F17_2_B5_S55","NPB_F15_10_B3_S84","NPB_F12_10_F10_S48","NPB_F3_10_B6_S34","NPB_F2_4_H3_S16","NPB_F13_2_B11_S52","NPB_F14_3_G12_S65","NPB_F10_6_B7_S20","NPB_F2_9_E4_S21","NPB_F1_12_D3_S12","NPB_F16_5_A4_S91","NPB_F5_1_A8_S2","NPB_F15_5_E2_S79","NPB_F8_12_H4_S2","NPB_F8_6_B4_S43","NPB_F9_12_D6_S14","NPB_F15_11_C3_S85","NPB_F5_2_B8_S3","NPB_F10_3_G6_S17","NPB_F3_8_H5_S32","NPB_F4_11_G7_S47","NPB_F8_8_D4_S45","NPB_F8_3_G12_S40","NPB_F10_7_C7_S21","NPB_F5_10_B9_S11","NPB_F13_11_C12_S61","NPB_F5_9_A9_S10","NPB_F2_1_E3_S13","NPB_F4_2_F6_S38","NPB_F9_11_C6_S13","NPB_F5_4_D8_S5","NPB_F4_6_B7_S42","NPB_F8_1_E12_S38","NPB_F6_9_E10_S22","NPB_F11_1_A8_S27","NPB_F6_2_F9_S15","NPB_F3_1_A5_S25","NPB_F6_6_B10_S19","NPB_F4_12_H7_S1","NPB_F17_1_A5_S54","NPB_F1_3_C2_S3","NPB_F10_10_F7_S24","NPB_F12_4_H9_S42","NPB_F13_9_A12_S59","NPB_F12_8_D10_S46","NPB_F3_5_E5_S29","NPB_F17_10_B6_S63","NPB_F1_8_H2_S8","NPB_F2_8_D4_S20","NPB_F15_4_D2_S78","NPB_F1_4_D2_S4","NPB_F11_10_B9_S36","NPB_F6_12_H10_S25","NPB_F15_1_A2_S75","NPB_F2_7_C4_S19","NPB_F14_2_F12_S64","NPB_F2_10_F4_S22","NPB_F8_7_C4_S44","NPB_F1_10_B3_S10","NPB_F4_1_E6_S37","NPB_F17_9_A6_S62","NPB_F4_3_G6_S39","NPB_F16_6_B4_S92","NPB_F3_2_B5_S26","NPB_F18_9_E7_S74","NPB_F14_12_H1_S74","NPB_F11_12_D9_S38","NPB_F15_3_C2_S77","NPB_F10_9_E7_S23","NPB_F11_5_E8_S31","NPB_F13_5_E11_S55","NPB_F3_7_G5_S31","NPB_F18_11_G7_S76","NPB_F6_5_A10_S18","NPB_F17_11_C6_S64","NPB_F14_9_E1_S71","NPB_F15_7_G2_S81","NPB_F3_4_D5_S28","NPB_F12_1_E9_S39","NPB_F10_8_D7_S22","NPB_F12_11_G10_S49","NPB_F16_10_F4_S51","NPB_F16_2_F3_S88","NPB_F7_10_B12_S35","NPB_F7_1_A11_S26","NPB_F11_4_D8_S30","NPB_F9_1_A5_S3","NPB_F11_6_F8_S32","NPB_F2_3_G3_S15","NPB_F14_5_A1_S67","NPB_F6_10_F10_S23","NPB_F4_5_A7_S41","NPB_F18_7_C7_S72","NPB_F1_5_E2_S5","NPB_F18_8_D7_S73","NPB_F3_11_C6_S35","NPB_F1_1_A2_S1","NPB_F10_12_H7_S26","NPB_F7_6_F11_S31","NPB_F17_4_D5_S57","NPB_F14_1_E12_S63","NPB_F5_6_F8_S7","NPB_F11_11_C9_S37","NPB_F3_6_F5_S30","NPB_F14_11_G1_S73","NPB_F4_8_D7_S44","NPB_F10_1_E6_S15","NPB_F2_2_F3_S14","NPB_F17_8_H5_S61","NPB_F16_8_D4_S49","NPB_F12_5_A10_S43","NPB_F7_7_G11_S32","NPB_F11_9_A9_S35","NPB_F5_7_G8_S8","NPB_F4_9_E7_S45","NPB_F12_3_G9_S41","NPB_F8_9_E4_S46","NPB_F4_4_H6_S40","NPB_F18_10_F7_S75","NPB_F18_3_G6_S68","NPB_F17_5_E5_S58","NPB_F9_9_A6_S11","NPB_F1_6_F2_S6","NPB_F10_5_A7_S19","NPB_F6_8_D10_S21","NPB_F8_4_H12_S41","NPB_F6_4_H9_S17","NPB_F16_9_E4_S50","NPB_F16_11_G4_S52","NPB_F3_12_D6_S36","NPB_F5_5_E8_S6","NPB_F15_9_A3_S83","NPB_F5_12_D9_S13","NPB_F12_9_E10_S47","NPB_F3_3_C5_S27","NPB_F6_1_E9_S14","NPB_F18_5_A7_S70","NPB_F14_7_C1_S69","NPB_F9_3_C5_S5","NPB_F4_10_F7_S46","NPB_F3_9_A6_S33","NPB_F11_3_C8_S29","NPB_F10_2_F6_S16","NPB_F7_3_C11_S28","NPB_F18_12_H7_S77","NPB_F2_5_A4_S17","NPB_F7_12_D12_S37","NPB_F5_8_H8_S9","NPB_F11_7_G8_S33","NPB_F13_10_B12_S60","NPB_F9_8_H5_S10","NPB_F18_2_F6_S67","NPB_F1_11_C3_S11","NPB_F7_8_H11_S33","NPB_F17_6_F5_S59","NPB_F9_4_D5_S6","NPB_F5_11_C9_S12","NPB_F16_1_E3_S87","NPB_F7_5_E11_S30","NPB_F10_4_H6_S18"
"Aminoglycoside O-nucleotidyltransferases",8191,10838,9844,6512,11104,9191,10815,3019,10047,10534,14785,10039,5795,12036,8671,8639,6138,5667,12324,9803,8350,12136,7679,12917,12018,12909,9604,3649,6475,9418,10472,13175,6561,6473,9887,78,11696,10485,8634,10667,5633,8491,8903,10053,14066,10751,10764,5765,7125,7111,6666,14978,10045,7563,11099,10499,8270,12266,16124,9714,11290,8045,13235,10462,5784,8270,8402,6534,11803,5824,7063,12228,18288,6222,8594,9646,10768,7065,7470,10993,8202,12388,5965,12293,7538,8815,5035,10379,15895,6634,10125,5053,7240,21060,5163,5839,17057,7386,6283,12715,8766,6213,5815,12573,7890,11209,14147,7499,8670,12226,6482,11402,8279,6005,9920,7992,6612,6068,12597,7610,7174,7706,8860,16413,10478,11576,10907,8287,14428,8017,9831,12438,10451,5519,9519,8389,10261,10906,11353,5427,9163,6513,11123,8723,7283,9827,9033,7718,5494,17810,10367,5754,13316,8739,13369,3749,8509,6594,8629,7297,8891,9252,9847,9180,5495,7941,7422,6700,5488,2883,7767,9113,8123,9880,13349,16670,6130,8645,12906,9757,6869,338,7008,9154,13009,7071,5138,18789,6714,5817,6109,6648,5684,8712,8690,7627,8786,11758,0,6745,219,6030,7380,5516,10636,8380,2572,7648,8453,6093,7591,7092,7546,20631,8932,7795
"Aminoglycoside O-phosphotransferases",12653,4701,6073,6075,4209,8463,4379,18672,3933,6990,6483,5645,11055,7855,4383,7283,4959,6718,12511,7224,3768,34402,6249,5198,13155,14733,3613,4615,6003,37052,8742,8177,7829,2355,9678,54,9031,22342,3159,5917,6071,5001,5860,15859,6737,8827,5203,24137,8050,8135,8270,16887,9829,5817,7716,3869,16799,5573,7460,9833,13122,3245,4435,5976,6355,8063,14975,5833,4758,7981,6382,8578,5183,10829,7391,9390,7671,7421,5417,7573,13363,5183,9618,15817,6484,8776,5648,6916,11463,6859,6657,3842,6626,12413,4556,8016,10158,4746,4275,5416,5360,6563,18279,12370,8305,3804,8441,6769,7415,4359,7400,5777,8465,6667,10199,4946,19392,5926,18654,6079,22700,3564,4441,5804,7593,7030,3729,8504,14018,10844,31734,5573,5293,5593,5777,6265,6841,13588,21534,4140,4678,4304,11310,6837,8480,4894,11044,5226,35805,17695,27900,5893,13958,5623,7845,27032,5486,5429,5647,7592,5371,6760,5550,9376,20704,8029,6863,5317,2731,3158,6248,7868,7378,7199,26425,34183,7594,12457,16478,6665,6705,364,8148,10614,22228,9040,5765,5357,8927,8090,7713,9682,34698,3295,8386,5643,8883,6655,0,7245,1135,5313,6613,9891,5484,2913,2645,11505,7347,5331,10200,5814,11485,23630,6779,4614
"Multi-biocide resistance regulator",2230,124,3,7,0,0,0,119,0,40,0,0,2416,0,28,0,7,0,105,0,0,1071,319,0,211,0,0,1588,0,474,5,50,0,0,0,0,1497,271,20,0,0,0,0,0,0,0,0,1190,29,26,52,1248,0,0,33,0,1451,31,0,20,0,0,0,0,2,34,413,0,0,0,280,15,0,0,0,0,0,179,77,0,0,0,0,0,13,0,0,0,285,0,0,0,0,0,0,1008,203,0,0,0,0,349,249,348,113,0,214,0,0,0,31,0,85,7,131,125,1234,0,995,51,0,0,0,49,12,0,47,0,750,0,754,44,303,215,0,0,17,3471,532,0,0,0,0,0,0,0,0,0,495,0,846,0,24,0,7,313,258,0,0,269,0,0,0,204,208,0,0,0,0,0,18,30,0,0,3163,210,439,0,8063,0,0,0,0,2036,827,487,0,0,0,143,220,0,1414,0,0,0,129,0,0,137,0,591,0,0,0,0,0,895,0,0,1425,0,0,1031,0,0
"Multi-metal resistance protein",12383,723,0,362,0,0,80,853,0,2187,0,0,13493,0,180,0,2721,0,713,0,0,5820,1591,11,3974,281,183,7727,0,2500,142,527,0,0,0,0,8479,1395,364,9,31,0,0,0,0,0,0,6741,299,334,265,6712,0,0,50,423,11802,0,0,6,0,0,0,0,0,277,2495,0,0,10,1485,21,179,0,0,0,0,809,257,70,0,304,0,0,0,0,0,0,1382,0,0,0,101,0,0,6009,4283,0,0,24,0,2046,1034,1892,695,0,4471,0,0,0,158,11,1373,249,636,851,6007,0,5754,29,56,0,0,481,8,0,349,0,3756,0,3905,813,1794,1105,125,0,0,17755,2730,0,0,0,0,0,0,0,0,0,2318,1397,4933,89,393,0,116,2602,1106,0,0,1637,41,0,0,1037,1303,0,0,0,0,237,3,221,0,0,16425,1182,2857,0,40692,0,0,0,0,11392,5117,3149,0,14,0,1121,1813,0,7537,0,537,0,1389,0,0,682,0,9805,0,0,0,0,0,4752,10,39,7393,0,0,5120,0,0
"Arsenic resistance protein",3494,385,0,184,0,0,377,353,0,43,0,0,3896,0,91,0,144,0,347,0,0,1843,846,278,910,0,191,2366,0,799,287,509,0,0,0,0,2792,751,227,0,151,0,30,0,0,0,0,2072,420,310,527,1984,0,0,0,68,2646,0,0,122,0,0,0,0,0,238,973,0,0,0,730,0,63,0,0,0,0,412,300,196,0,0,0,0,0,41,0,285,866,0,0,28,0,0,0,1755,712,0,0,43,0,1015,502,1012,673,0,596,0,0,0,451,0,609,294,634,521,1907,0,1952,410,17,0,0,327,0,0,43,0,1110,0,1246,276,614,625,195,0,69,5172,876,0,0,0,0,0,251,0,0,0,652,0,1589,0,423,0,0,453,574,0,0,795,210,0,0,768,645,0,86,0,0,917,189,428,0,0,4745,517,1514,0,12155,0,0,0,0,3480,1701,1825,0,0,0,731,720,0,2346,0,340,0,836,0,0,624,0,1627,0,0,0,0,0,1628,0,188,2566,0,0,1532,0,0
"Arsenic resistance regulator",247,9,15,10,0,0,0,0,0,0,0,0,318,0,0,0,24,0,17,0,0,95,49,0,66,11,12,159,0,65,0,0,0,0,0,0,225,36,8,0,17,0,0,0,0,0,0,53,6,6,0,148,0,0,6,0,143,0,0,0,0,0,0,0,0,0,24,0,0,0,24,0,3,0,0,0,0,10,14,0,0,0,0,0,0,0,0,17,24,0,0,0,5,0,0,127,39,0,0,0,0,36,13,39,8,0,33,0,0,0,0,0,0,0,16,28,158,0,104,0,0,0,0,3,0,0,6,0,37,0,72,13,42,19,0,0,0,192,68,0,0,0,0,0,0,0,0,0,77,0,107,0,0,0,0,36,26,0,0,38,0,0,0,30,17,3,0,0,0,112,12,22,0,0,275,15,43,0,1125,0,0,0,0,278,84,54,0,0,0,0,25,0,160,0,9,0,12,0,0,9,0,100,0,0,0,0,0,26,0,0,146,0,0,105,0,0
"Multi-drug RND efflux regulator",1353,77,0,90,0,0,0,84,0,68,0,0,1479,0,0,0,0,0,81,0,0,558,177,0,137,0,0,846,0,329,0,0,0,0,0,0,943,171,49,0,0,0,0,0,0,0,0,694,0,0,0,721,0,0,0,53,856,0,0,0,0,0,0,0,0,32,244,0,0,0,171,0,0,0,0,0,0,110,0,0,0,0,0,0,0,0,0,0,121,0,0,0,0,0,0,659,100,0,0,0,0,209,94,193,94,0,123,0,0,0,0,0,0,0,108,89,635,0,626,0,0,0,0,0,0,0,0,0,403,0,381,63,238,120,0,0,0,1830,291,0,0,0,0,0,0,0,0,0,243,0,493,0,0,0,0,171,99,0,0,129,0,0,0,102,150,0,0,0,0,0,0,0,0,0,1682,113,286,0,3962,0,0,0,0,1096,547,312,0,0,0,224,115,0,801,0,0,0,83,0,0,86,0,394,0,0,0,0,0,485,0,0,890,0,0,533,0,0
"Acid resistance protein",4577,309,0,107,0,3,8,370,0,20,0,0,5253,0,38,0,23,0,222,0,0,2448,657,0,486,0,20,3355,0,1120,0,141,0,0,0,0,3362,540,77,0,0,0,0,0,6,0,0,2657,106,79,138,2722,0,0,0,4,3240,0,0,62,0,0,6,0,0,0,1045,0,0,0,571,65,208,0,0,0,0,363,223,0,0,0,0,4,94,17,0,0,675,0,0,7,0,0,0,2784,353,0,0,0,0,602,533,819,176,0,414,0,0,0,113,6,4,114,119,388,2399,0,2352,70,0,0,0,94,4,0,90,0,1650,0,1832,267,789,415,30,0,0,7133,1027,0,0,0,0,0,0,0,0,0,870,0,1808,0,0,0,56,686,569,0,0,489,0,0,0,474,639,0,0,0,0,0,15,42,0,0,7013,464,1121,0,15919,0,0,0,0,4313,1754,1201,0,0,0,223,613,0,3202,0,179,0,98,0,0,113,0,1579,0,0,0,0,0,1882,0,0,3233,0,0,2106,0,0
"Undecaprenyl pyrophosphate phosphatase",614,42,0,18,0,0,0,35,0,0,0,0,847,0,18,0,0,0,0,0,0,355,124,0,160,0,0,475,0,98,0,0,0,0,0,0,551,57,0,0,0,0,0,0,0,0,0,434,0,18,35,440,0,0,0,0,459,0,0,0,0,0,0,0,0,0,149,0,0,0,45,0,0,0,0,0,0,48,0,0,0,0,0,0,0,0,0,0,183,0,0,0,0,0,0,394,85,0,0,0,0,110,26,111,55,0,116,0,0,0,0,0,0,0,37,36,414,0,367,0,0,0,0,0,0,0,25,0,202,0,243,32,124,87,0,0,0,987,147,0,0,0,0,0,0,0,0,0,127,0,326,0,0,0,0,86,117,0,0,78,0,0,0,49,40,0,0,0,0,0,0,24,0,0,943,49,146,0,2610,0,0,0,0,688,302,186,0,0,0,48,128,0,498,0,48,0,35,0,0,31,0,251,0,0,0,0,0,288,0,0,430,0,0,384,0,0
"Drug and biocide and metal RND efflux regulator",1714,146,0,20,0,0,0,163,0,69,0,0,1741,0,0,0,0,0,59,0,0,854,237,0,161,0,0,1157,0,388,0,0,0,0,0,0,1314,188,36,0,0,0,0,0,0,0,0,1065,80,35,0,1064,0,0,0,20,1272,0,0,0,0,0,0,0,0,0,409,0,0,0,221,0,0,0,0,0,0,172,0,0,0,0,0,0,0,0,0,0,227,0,0,0,0,0,0,985,139,0,0,25,0,198,242,303,50,0,177,0,0,0,0,0,0,0,132,90,863,0,841,0,0,0,0,62,0,0,0,0,587,0,648,91,309,146,28,0,0,2507,408,0,0,0,0,0,0,0,0,0,331,0,624,0,0,0,0,244,159,0,0,224,0,0,0,143,351,0,0,0,0,0,0,0,0,0,2129,222,352,0,5582,0,0,0,0,1504,706,522,0,0,0,103,229,0,1006,0,39,0,49,0,0,41,0,544,0,0,0,0,0,744,0,0,1033,0,0,745,0,0
"Drug and biocide MFS efflux pumps",9021,465,35,254,0,0,59,639,0,66,0,0,10129,0,58,0,20,0,325,0,0,4266,1310,0,1062,0,0,6068,0,1735,90,101,0,0,0,0,6571,888,73,0,0,0,0,0,0,0,0,4790,80,249,61,4890,0,0,0,109,5923,0,0,58,0,0,0,0,0,0,1473,0,0,0,1134,38,44,0,0,0,0,496,97,0,0,0,0,0,0,0,0,0,951,0,0,0,0,0,0,4673,780,0,0,0,0,1117,566,1380,154,0,993,0,0,0,39,0,114,106,226,276,4557,0,4612,78,0,0,0,52,0,0,77,0,2757,0,2965,270,1496,799,0,0,0,13781,1943,0,0,0,0,0,0,0,0,0,1654,0,3815,0,43,0,0,1255,932,0,0,966,0,0,0,775,890,0,0,0,0,0,22,217,0,0,12585,784,1810,0,30635,0,0,0,0,8624,3492,2618,0,0,0,609,1382,0,5599,0,71,0,139,0,0,342,0,3013,0,0,0,0,0,3481,0,0,5427,0,0,3947,0,0
"Drug and biocide MATE efflux pumps",942,0,0,0,0,0,0,62,0,0,0,0,1416,0,0,0,0,0,0,0,0,379,125,0,63,0,0,533,0,177,0,0,0,0,0,0,612,87,0,0,0,0,0,0,0,0,0,515,0,0,0,603,0,0,0,22,680,0,0,0,0,0,0,0,0,0,306,0,0,0,59,0,0,0,0,0,0,53,0,0,0,0,0,0,0,0,0,0,84,0,0,0,0,0,0,408,91,0,0,0,0,138,370,151,60,0,76,0,0,0,0,0,0,0,0,79,821,0,461,0,0,0,0,0,0,0,0,0,345,0,931,14,183,55,0,0,0,1285,194,0,0,0,0,0,0,0,0,0,177,0,330,0,0,0,0,227,96,0,0,34,0,0,0,72,364,94,0,0,0,0,0,38,0,0,1160,105,140,0,2860,0,0,0,0,1059,338,253,0,0,0,89,129,0,574,0,0,0,0,0,0,47,0,308,0,0,0,0,0,386,0,0,754,0,0,450,0,0
"Copper resistance regulator",911,47,16,40,0,23,49,73,0,97,0,0,1053,0,11,0,985,0,42,0,0,438,230,0,243,76,48,570,0,197,38,0,0,0,0,0,657,85,79,0,0,0,0,0,0,14,0,581,21,40,44,647,0,0,0,84,636,4,0,11,0,0,0,0,0,0,125,0,0,0,241,0,35,0,0,0,0,53,40,0,0,147,0,0,28,0,0,0,289,0,0,0,19,0,0,429,1210,0,4,0,0,438,111,313,172,0,1244,0,0,0,32,0,412,95,105,28,382,0,415,37,40,0,0,94,15,0,38,4,395,0,329,128,154,251,0,0,36,1332,181,0,0,0,0,0,0,19,0,0,217,492,474,23,197,0,47,142,201,0,0,370,38,0,0,171,127,0,0,0,0,0,13,32,0,0,1438,108,210,0,11181,0,0,0,0,977,309,432,0,0,0,107,187,0,540,0,8,0,409,0,0,45,0,2783,0,0,0,0,0,447,0,0,661,0,0,426,0,0
"Class A betalactamases",1424,1207,4158,669,1082,1841,1623,274,443,1282,2065,1328,1444,795,635,1070,5263,3158,2470,2088,1485,1374,2496,1250,1206,1353,1268,1641,1186,230,1164,1194,1771,815,2460,0,1239,1718,1091,2145,1479,1641,2460,160,1469,2410,1056,802,1150,1538,1021,897,1505,1535,2552,1401,806,657,1407,2112,2004,1665,468,714,1513,1105,323,1081,1608,1780,1922,1827,1546,2201,2168,3376,1133,1446,1350,1001,2418,808,886,1452,1695,1466,1665,1430,4443,1200,2016,1087,1727,2977,3096,238,1258,628,1601,702,1178,1371,310,3266,1084,671,2471,1985,1160,1021,1880,500,2911,1151,2519,1262,898,2343,351,1633,365,1413,459,1539,1426,2131,763,2112,726,2325,2177,256,907,1543,3659,1810,2067,600,504,1784,1662,2216,2778,2493,604,1865,1857,1292,4075,4390,1345,547,2472,1804,427,481,376,1211,2480,1316,1649,1879,1632,3051,542,376,2711,975,497,555,1574,2447,1000,2888,5357,281,357,972,9921,1853,2104,41,1069,4164,1188,6019,1212,473,1915,2355,1504,1450,860,1859,2920,2607,1552,3834,0,1917,387,3511,3200,1361,2211,441,622,521,2002,849,1094,749,1490,1284,1084,1093
"Class C betalactamases",858,0,0,0,0,0,0,22,0,16,0,0,893,0,0,0,0,0,0,0,0,337,0,0,20,0,0,406,0,123,0,34,0,0,0,0,452,11,0,0,0,0,0,0,0,0,0,374,0,21,0,385,0,0,0,0,492,0,0,0,0,0,0,0,0,0,67,0,0,0,27,0,0,0,0,0,0,38,0,0,0,0,0,0,0,0,0,0,36,0,0,0,0,0,0,360,0,0,0,0,0,29,36,40,0,0,52,0,0,0,0,0,0,0,0,0,370,0,280,0,0,0,0,0,0,0,0,0,198,0,125,27,92,32,0,0,0,986,0,0,0,0,0,0,0,0,0,0,42,0,295,0,0,0,0,94,16,0,0,33,0,0,0,25,56,0,0,0,0,0,0,0,0,0,1067,0,101,0,2362,0,0,0,0,618,238,99,0,0,0,41,26,0,501,0,0,0,0,0,0,0,0,182,0,0,0,0,0,158,0,0,468,0,0,329,0,0
"Bleomycin resistance protein",0,16,26,22,32,0,9,0,21,16,15,24,0,49,30,55,0,33,84,52,42,0,3,52,8,36,10,0,21,0,109,0,52,0,23,0,6,70,6,12,32,84,46,0,118,19,34,0,123,38,52,156,40,55,80,28,38,20,44,35,300,0,25,18,34,24,0,0,43,12,120,69,15,29,32,22,77,62,63,128,90,29,16,29,30,55,47,12,6,35,18,41,27,61,73,0,42,0,25,5,0,32,0,45,16,22,0,121,70,26,35,0,0,35,25,53,0,18,73,27,0,5,34,33,31,25,33,82,43,78,0,6,0,27,10,100,36,0,36,0,11,48,56,38,9,18,79,15,0,37,23,15,19,0,31,0,9,78,56,46,0,12,34,40,0,8,33,66,10,19,37,6,48,73,6,127,0,58,4,27,39,0,29,0,0,48,0,25,62,72,4,50,0,6,36,22,24,32,0,50,0,0,67,64,54,42,25,0,0,37,9,48,52,40,7,41
"Multi-metal resistance regulator",3376,230,0,89,0,0,0,210,0,7,0,0,3497,11,92,0,10,0,180,0,0,1592,576,0,432,0,0,2076,6,694,5,20,0,0,20,0,1747,285,13,0,0,7,0,21,0,0,0,1615,0,52,0,1922,0,0,0,87,2135,0,0,8,6,0,0,0,0,23,552,4,0,0,429,6,0,11,0,0,10,226,0,0,27,0,4,12,0,0,0,4,495,0,0,3,6,0,8,1578,350,0,0,0,0,453,363,594,152,0,334,0,0,12,22,6,0,29,246,166,1773,0,1650,0,10,0,0,25,0,0,24,0,930,0,844,375,338,289,14,0,0,4690,838,0,0,0,0,0,126,0,0,0,714,0,1347,8,25,10,9,519,325,5,0,397,0,0,0,301,378,12,11,0,0,0,0,81,0,0,4189,255,897,10,12191,0,0,0,0,3119,1223,1063,0,0,0,285,448,0,2104,0,8,0,125,0,0,66,55,1046,13,24,0,0,0,1039,0,14,2030,0,0,1387,19,0
"Chloramphenicol acetyltransferases",36,0,0,0,0,46,0,7,0,0,0,0,32,0,0,0,79,0,0,15,0,0,27,0,41,13,0,0,0,0,0,0,32,0,0,0,67,0,0,0,0,0,0,15,0,21,0,0,0,0,0,37,17,10,0,0,46,0,15,32,31,0,0,0,0,16,64,0,0,0,0,0,0,37,39,40,32,0,0,0,43,0,0,33,21,0,28,0,22,16,0,0,0,66,34,0,12,0,0,0,0,0,11,42,35,0,18,0,0,0,0,0,30,0,0,0,0,29,150,0,11,0,0,0,0,0,0,0,11,26,10,0,15,0,0,31,0,129,33,0,0,0,12,0,37,0,22,41,34,37,0,0,0,23,0,18,0,0,0,0,0,31,0,45,10,0,0,0,0,0,37,0,0,0,0,14,55,0,0,0,24,0,0,81,0,335,0,0,0,49,0,26,19,0,0,26,0,0,0,0,139,0,20,0,0,0,0,44,20,12,0,0,0,66,0,0
"Biguanide cation efflux",0,0,0,0,0,0,0,0,0,0,0,0,0,0,0,0,0,0,0,0,0,0,0,0,0,0,0,0,0,0,0,0,0,0,0,0,0,0,0,0,0,0,0,0,0,0,0,0,0,0,0,0,0,0,0,0,0,0,0,0,0,0,0,0,0,0,0,0,0,0,0,0,0,0,0,0,0,0,0,0,0,0,0,0,0,0,0,0,0,0,0,0,0,0,0,0,0,0,0,0,0,0,0,0,0,0,0,0,0,0,0,0,58,0,0,0,0,0,0,96,0,0,0,0,0,0,0,0,0,0,0,0,0,0,0,0,0,0,0,0,0,0,0,0,0,0,0,0,0,0,0,0,0,0,0,0,0,0,0,0,0,0,0,0,0,0,0,0,0,0,0,0,0,0,0,0,0,0,0,0,0,0,0,0,0,0,0,0,0,0,0,0,0,0,0,0,78,0,0,0,0,0,0,0,0,0,0,0,0,0,0,0,0,0,0,0
"Class B betalactamases",15,0,0,0,0,0,0,0,0,0,0,0,18,0,0,0,0,0,0,0,0,0,0,0,0,0,0,0,0,0,0,0,0,0,0,0,43,0,0,0,0,0,0,0,0,0,0,55,0,0,0,0,0,0,0,0,0,0,0,0,0,0,0,0,0,0,0,0,0,0,0,0,0,0,0,0,0,0,0,0,0,0,0,0,0,0,0,0,0,0,0,0,0,0,0,0,0,0,0,0,0,0,0,0,0,0,0,0,0,0,0,0,0,0,0,0,0,0,0,0,0,0,0,0,0,0,0,0,0,0,0,0,0,0,0,0,0,0,0,0,0,0,0,0,0,0,0,0,32,0,0,0,0,0,0,0,0,0,0,0,0,0,0,0,0,0,0,0,0,0,0,0,0,0,0,21,51,0,0,0,0,0,0,0,0,0,0,0,0,0,0,0,0,0,0,0,0,0,0,0,80,0,0,0,0,0,0,11,0,0,0,0,0,0,0,0
"23S rRNA methyltransferases",8198,10659,16973,9912,6050,6823,6629,5935,4279,12736,11633,8917,9551,20254,5825,6827,6127,5916,7481,19601,4880,14615,8616,10062,7048,8944,6415,4800,6803,15722,7440,13588,13415,3281,8439,32,8132,8531,7040,7931,4916,10999,8220,13436,14895,11250,5346,9775,15329,6903,5978,18321,15381,6676,14501,4853,17807,9794,15492,6246,6133,4789,6679,8972,5180,8003,17511,6384,10603,16879,10281,16145,11243,22164,9416,12283,9426,15377,8908,9040,30578,6503,27357,7564,5556,6973,9761,8034,13934,5618,8606,4863,7180,14726,6848,4849,15511,8129,11031,6765,8404,7489,60572,11831,4156,10232,9372,12196,6658,6931,6507,9785,5933,15256,6575,5257,12582,7386,16287,8128,10906,8508,11477,9836,8537,10722,6118,8357,23284,5273,15297,7455,6071,6655,11454,10469,12993,22146,8239,7813,7073,11029,8401,20392,4927,7714,5480,8224,20937,19056,18462,5951,11186,7770,8518,4574,6772,6869,14311,8075,8307,9784,7569,8739,6683,12540,15061,5786,9233,3928,7761,12871,12418,8594,14730,10473,9070,5750,12448,9197,5587,620,5351,12793,23925,13751,9328,7535,13620,67738,4946,4891,9024,7395,6956,11404,9367,13426,0,7029,25,9723,10487,22272,8591,5273,1827,6123,6468,11415,5959,6725,22159,7760,9232,6380
"Sodium resistance protein",2426,98,0,114,0,0,0,224,0,0,0,0,2795,0,27,0,0,0,49,0,0,1156,282,0,237,0,24,1766,0,445,24,77,0,0,0,0,1839,326,57,0,0,0,0,0,0,0,0,1282,56,0,0,1453,0,0,0,51,1601,0,0,0,0,0,0,0,0,0,475,0,0,0,239,0,0,0,0,0,0,120,29,0,0,0,0,0,0,0,0,0,239,0,0,0,0,0,0,1223,167,0,0,0,0,332,210,385,130,0,226,0,0,0,97,0,0,38,153,161,1275,0,1184,0,0,0,0,91,0,0,56,0,694,0,853,133,404,233,50,0,0,3790,530,0,0,0,0,0,0,0,0,0,468,0,1011,0,0,0,0,350,224,0,0,280,0,0,0,199,291,0,0,0,0,0,0,0,0,0,3451,125,494,0,8322,0,0,0,0,2168,872,709,0,0,0,179,277,0,1735,0,0,0,99,0,0,124,0,829,0,0,0,0,0,873,0,0,1680,0,0,1077,0,0
"Aminoglycoside N-acetyltransferases",1289,307,859,682,276,1822,322,962,220,1667,481,698,1370,860,602,1139,1573,923,2079,1063,187,2294,921,524,1872,2003,446,460,625,1669,1843,1015,675,112,1555,0,919,1615,472,401,711,754,693,2051,719,1507,270,1862,880,1369,1334,2573,1270,823,527,212,2281,470,1111,1157,3088,131,588,1113,784,1304,2242,787,546,718,1023,1491,568,874,879,1769,1132,671,503,1030,703,291,483,2856,779,2057,588,1035,2292,934,799,709,954,1538,581,725,1720,522,471,359,372,813,1309,1954,2462,441,1741,734,890,371,1084,667,1782,608,1802,575,2113,816,2623,1205,1101,248,440,523,655,1390,362,913,2259,1270,1409,445,525,774,883,586,716,2743,2814,487,1001,557,2074,963,1072,1045,1262,807,1006,2998,1892,623,2746,926,1850,1080,686,693,605,1032,929,1112,647,1715,1478,1631,880,638,270,238,545,952,1001,917,3565,4006,1362,1329,1415,732,848,44,1074,2794,2558,970,630,526,1037,485,748,833,1444,478,1739,765,1331,1284,0,1014,449,2450,1091,684,529,226,283,1555,1466,707,1222,1106,892,3284,1108,519
"Drug and biocide and metal RND efflux pumps",8130,534,0,370,0,0,0,813,0,56,0,0,9400,0,351,0,0,0,612,0,0,4264,1288,0,873,0,298,6119,0,2360,0,254,0,0,0,0,6422,1341,171,0,0,0,0,0,0,0,0,4949,146,313,339,5011,0,0,0,34,6273,0,0,0,0,0,0,0,0,0,1891,0,0,0,1211,0,0,0,0,0,0,612,420,0,0,0,0,0,0,0,0,0,1643,0,0,0,0,0,0,5443,828,0,0,0,0,1315,803,1492,352,0,907,0,0,0,0,0,0,267,614,769,4758,0,4370,122,13,0,0,244,27,0,25,0,3208,0,3317,439,1409,943,29,0,0,13655,2005,0,0,0,0,0,0,0,0,0,2137,0,3737,0,0,0,0,1427,1123,0,0,1149,32,0,0,1032,1783,50,0,0,0,0,150,254,0,0,12202,1114,2369,0,27160,0,0,0,0,7921,3733,2616,0,0,0,944,1189,0,5472,0,337,0,725,0,0,508,0,2869,0,0,0,0,0,3611,0,0,6088,0,0,4072,0,0
"Phenicol resistance MFS efflux pumps",0,0,0,0,0,0,0,0,0,0,0,0,0,0,0,0,0,0,0,0,0,0,0,0,0,0,0,0,0,0,0,0,0,0,0,0,20,0,0,0,0,0,0,0,0,0,0,0,0,0,0,0,0,0,0,0,21,0,0,0,0,0,0,0,0,0,0,0,0,0,0,0,0,0,0,0,0,0,0,0,0,0,0,0,0,0,0,0,0,0,0,0,0,0,0,0,0,0,0,0,0,112,0,0,0,0,0,0,0,0,0,0,0,0,0,0,0,0,0,0,0,0,0,0,0,0,0,0,0,0,0,0,0,0,0,0,0,0,0,0,0,0,0,0,0,0,0,0,35,0,0,0,0,0,0,0,0,0,0,0,0,0,0,0,0,0,0,0,0,0,0,0,0,0,103,56,68,0,0,0,0,0,0,811,0,0,0,0,0,0,0,0,0,0,0,0,0,0,0,0,0,0,0,0,0,0,0,42,0,0,0,0,0,0,0,0
"Copper resistance protein",5793,433,0,107,0,0,0,439,0,142,0,0,6375,0,259,0,3195,138,389,0,0,2904,1278,16,1339,293,99,3929,0,1363,0,210,0,0,0,0,4152,686,72,0,0,0,0,0,0,0,0,3410,104,418,307,3755,0,0,16,106,4242,0,0,268,104,0,0,0,9,125,1524,0,0,0,1008,0,204,0,0,0,0,508,88,0,0,372,0,139,0,0,0,0,824,0,0,0,276,0,0,3099,3767,0,0,0,0,2086,608,2048,582,0,3975,0,0,0,1602,0,1467,171,598,500,2993,0,3304,0,0,0,0,372,0,0,246,305,2304,0,2098,463,968,1016,27,0,0,8775,1539,0,0,0,0,0,594,0,0,0,1449,2075,2469,299,237,0,88,1124,762,0,0,1420,15,0,0,1206,689,0,125,0,0,0,0,190,0,0,8240,697,1456,0,35914,0,0,0,0,5635,2609,2585,0,0,0,606,1275,0,3840,0,139,0,1079,0,0,400,0,8519,0,0,0,0,0,2981,19,0,3969,0,0,2724,0,0
"Drug and biocide RND efflux regulator",4168,268,67,64,0,0,89,375,0,112,0,0,4259,0,123,0,34,0,267,0,0,2306,690,7,494,15,122,3120,0,784,0,245,0,0,0,0,3507,470,72,0,0,0,0,0,0,4,0,2606,179,125,84,2522,0,0,0,12,3295,14,0,442,0,0,0,0,0,0,1027,0,0,0,803,16,39,0,0,0,0,239,221,0,0,0,0,0,0,17,0,0,644,0,0,20,0,0,0,2109,527,0,0,56,0,529,320,611,223,0,412,0,0,0,18,0,338,81,214,258,2082,0,2162,511,8,0,0,82,19,0,157,0,1992,0,1662,270,687,428,103,0,33,7195,1100,0,0,0,0,0,0,0,0,0,923,0,1849,0,43,0,90,661,533,0,0,426,4,0,0,573,416,0,0,0,0,61,34,51,0,0,6575,623,923,0,14875,0,0,0,0,5160,2188,1290,0,0,0,362,648,0,2580,0,81,0,222,0,0,213,0,1393,0,0,0,0,0,1880,0,0,3192,0,0,2167,0,0
"Multi-metal RND efflux pumps",4592,332,358,217,0,7,0,355,0,104,0,0,4603,0,340,0,330,0,312,0,0,2137,1533,6,1154,0,83,2983,0,950,188,289,0,0,0,0,3077,747,162,0,0,0,0,0,0,20,0,3167,615,439,398,3463,0,0,4,291,3724,0,0,0,0,0,0,0,0,40,1039,0,0,0,1774,12,82,0,0,0,0,325,449,0,0,0,0,0,0,0,0,10,1636,0,0,13,0,0,0,2238,1180,0,0,299,0,2203,337,1705,911,0,917,0,0,0,276,0,0,568,362,459,2227,0,2383,0,0,0,0,384,0,0,140,0,2283,0,1569,623,704,1152,99,0,0,6328,947,0,0,21,0,0,0,0,0,0,944,0,1576,0,354,0,0,1014,1320,0,0,1705,0,0,0,1166,623,0,0,0,0,0,3,115,0,0,7164,425,1019,0,52134,0,0,0,0,9368,2018,3188,0,74,0,496,559,0,2740,0,72,0,652,0,0,7,0,3848,0,0,0,0,0,1732,0,0,3392,0,0,2382,0,0
"Multi-metal RND efflux regulator",1815,178,0,35,0,0,0,155,0,0,0,0,1854,0,90,0,45,0,157,0,0,867,375,75,199,0,106,1102,0,373,0,0,0,0,0,0,1148,243,64,0,0,0,0,0,0,0,0,939,30,92,0,1033,0,0,69,92,1251,0,0,0,0,0,0,0,0,84,311,0,0,0,361,0,37,0,0,0,0,228,63,0,0,0,0,0,0,0,0,0,418,0,0,0,0,0,0,892,280,0,0,69,0,512,177,458,109,0,244,0,0,0,0,0,0,0,154,182,934,0,921,0,0,0,0,137,0,0,0,0,652,0,669,177,283,345,63,0,72,2645,369,0,0,0,0,0,0,0,0,0,342,0,609,0,157,0,133,275,325,0,0,369,0,0,0,241,192,0,0,0,0,0,60,105,0,0,2493,259,394,0,11487,0,0,0,0,2394,673,791,0,0,0,230,229,0,1203,0,94,0,196,0,0,172,0,903,0,0,0,0,0,770,0,0,1219,0,0,845,0,0
"Dihydrofolate reductase",145,0,0,0,0,0,0,0,0,0,0,0,0,53,0,0,0,0,0,0,0,72,26,0,0,0,0,86,0,0,0,0,0,0,72,0,363,9,0,6,0,0,0,0,0,0,0,39,0,0,15,155,0,0,3,0,19,0,0,0,0,0,0,0,0,0,32,0,0,0,0,0,0,0,0,0,0,0,0,0,0,0,0,0,0,0,0,0,0,0,0,5,31,51,9,0,0,0,0,0,0,29,26,26,0,0,0,0,0,0,0,0,0,0,0,0,0,0,44,0,0,0,0,0,0,0,0,25,64,0,128,0,64,0,0,0,8,124,72,0,0,0,0,0,0,0,0,0,16,10,45,0,0,11,0,12,0,0,0,28,0,0,0,0,31,0,0,0,0,0,0,14,0,0,8,8,0,0,0,0,0,0,14,82,0,83,0,0,0,0,0,0,8,0,0,0,25,0,0,0,0,0,0,0,0,0,0,29,0,0,190,0,0,32,0,0
"Biocide and metal resistance protein",4058,224,3,91,0,32,61,331,0,18,9,0,4446,0,37,0,120,0,230,0,0,2009,584,11,392,28,58,2780,0,847,73,72,0,0,0,0,2639,473,87,6,0,0,0,0,0,8,0,2105,118,156,52,2180,0,0,0,39,2700,18,0,0,0,0,41,0,0,59,830,0,0,0,509,21,33,0,0,6,0,255,82,0,0,10,0,0,48,37,0,0,324,0,0,0,0,0,0,2046,329,0,0,20,0,524,333,739,86,0,471,0,10,0,56,16,0,68,270,249,2033,0,2071,0,4,11,0,82,11,0,54,0,1193,0,1269,155,605,366,21,0,0,5987,857,0,0,0,0,0,0,11,0,0,853,0,1544,0,41,0,44,556,370,0,0,424,20,0,0,299,352,0,21,0,0,0,86,84,0,0,5664,276,770,0,14248,0,0,0,0,3452,1493,1092,0,26,0,345,471,0,2519,0,107,0,96,0,0,128,0,1174,0,0,0,0,0,1654,0,19,2872,0,0,1782,0,0
"Drug and biocide ABC efflux pumps",1758,117,0,57,0,0,0,108,0,0,0,0,1434,0,0,0,0,0,112,0,0,806,188,0,206,0,0,1403,0,240,0,0,0,0,0,0,3189,212,52,0,0,0,0,0,0,0,0,780,93,0,0,1452,0,0,0,0,879,0,0,0,0,0,0,0,0,0,493,0,0,0,172,0,0,0,0,0,0,138,61,0,0,0,0,0,0,0,0,0,183,0,0,0,0,0,0,630,140,0,0,0,0,170,206,334,56,0,128,0,0,0,65,0,0,0,127,100,635,0,965,0,0,0,0,126,0,0,0,0,781,0,407,98,948,177,0,0,0,2487,806,0,0,0,0,0,0,0,0,0,320,0,886,0,0,0,79,269,149,0,0,163,0,0,0,109,397,0,0,0,0,0,0,81,0,0,1657,167,343,0,3843,0,0,0,0,1700,570,286,0,0,0,101,167,0,706,0,0,0,0,0,0,70,0,394,0,0,0,0,0,685,0,0,791,0,0,704,0,0
"QAC efflux pump",248,0,0,0,0,0,0,0,0,0,0,0,0,0,0,0,0,0,0,0,0,83,0,0,0,0,0,227,0,0,0,0,0,0,0,0,620,0,0,0,0,0,0,0,0,0,0,43,0,0,0,268,0,0,0,0,0,0,0,0,0,0,0,0,0,0,44,0,0,0,0,0,0,0,0,0,0,0,0,0,0,0,0,0,0,0,0,0,0,0,0,0,0,0,0,0,0,0,0,0,0,0,52,75,0,0,0,0,0,0,0,0,0,0,0,0,0,0,62,0,0,0,0,0,0,0,0,0,105,0,0,0,139,0,0,0,0,200,174,0,0,0,0,0,0,0,0,0,0,0,118,0,0,0,0,25,0,0,0,0,0,0,0,0,34,0,0,0,0,0,0,0,0,0,0,0,0,0,0,0,0,0,0,80,0,0,0,0,0,0,0,0,0,0,0,0,0,0,0,0,0,0,0,0,0,0,0,81,0,0,13,0,0,41,0,0
"Drug and biocide MFS efflux regulator",2266,111,0,90,0,0,0,67,0,0,0,0,2381,0,0,0,55,0,116,0,0,1199,201,0,184,0,0,1437,0,396,0,0,0,0,0,0,1337,236,0,0,0,0,0,0,0,0,0,1201,0,17,22,1032,0,0,0,16,1448,0,0,0,0,0,0,0,0,0,308,0,0,0,244,0,0,0,0,0,0,122,33,0,0,0,0,0,0,0,0,0,53,0,0,17,0,0,0,914,182,0,0,0,0,275,161,364,16,0,234,0,0,0,0,21,0,0,109,166,1090,0,1156,0,5,0,0,79,0,0,0,0,618,0,693,0,348,203,0,0,0,3835,494,0,0,0,0,0,0,0,0,0,352,0,702,0,0,0,0,242,179,0,0,230,0,0,0,198,176,0,0,0,0,0,19,29,0,0,3401,149,376,0,8133,0,0,0,0,2047,663,564,0,0,0,157,246,0,1414,0,21,0,30,0,0,127,0,597,0,0,0,0,0,999,0,0,1344,0,0,785,0,0
"Lipid A modification",2151,111,0,89,0,0,28,205,0,77,0,0,2178,0,68,0,0,0,65,0,0,1245,416,0,309,0,114,1550,0,522,117,28,0,0,0,0,1851,467,136,0,0,0,0,0,0,0,0,1273,68,0,0,1498,0,0,118,79,1657,0,0,0,0,0,0,0,0,75,540,0,0,0,376,0,0,0,0,0,0,198,186,0,0,0,0,0,0,143,0,0,392,0,0,0,0,0,0,880,351,0,0,92,0,268,133,407,64,0,303,0,0,0,93,0,0,103,205,157,1110,0,1052,0,0,0,0,145,0,0,83,0,873,0,971,153,462,343,50,0,0,3706,531,0,0,0,0,0,0,0,0,0,495,0,1060,0,0,0,0,468,292,0,0,313,46,0,0,340,406,0,0,0,0,0,24,190,0,0,3565,202,379,0,7096,0,0,0,0,2368,1047,1004,0,0,0,212,217,0,1334,0,149,0,128,0,0,180,0,820,0,0,0,0,0,1007,0,0,1783,0,0,1183,0,0
"Acid resistance regulator",721,49,22,0,0,0,13,64,0,0,0,0,757,0,0,0,0,0,45,0,0,351,94,0,81,0,0,461,0,194,25,84,0,0,0,0,520,114,35,0,0,0,0,0,0,0,0,419,38,0,0,332,0,0,0,16,406,0,0,0,0,0,0,0,0,0,234,0,0,0,119,18,11,0,0,0,0,40,23,0,0,0,0,0,0,0,0,0,129,0,0,0,0,0,0,307,68,0,0,28,0,93,166,131,69,0,95,0,0,0,12,0,0,14,56,73,494,0,413,0,27,0,0,33,0,0,0,0,332,0,256,37,118,90,0,0,0,1173,162,0,0,0,0,0,0,0,0,0,149,0,288,0,0,0,0,146,71,0,0,108,0,0,0,81,102,0,0,0,0,0,0,0,0,0,1095,59,162,0,2724,0,0,0,0,687,331,206,0,0,0,48,78,0,487,0,0,0,0,0,0,70,0,207,0,0,0,0,0,296,0,0,469,0,0,335,0,0
"Phenolic resistance protein",712,22,0,11,0,0,0,29,0,28,21,0,767,0,0,0,0,0,40,0,0,223,94,0,43,0,18,515,0,155,0,17,0,0,0,0,510,88,45,0,0,0,0,0,0,0,0,335,15,0,0,406,0,0,16,0,411,0,0,0,0,0,0,0,0,0,102,0,0,0,97,0,0,0,0,0,0,56,22,0,0,0,0,0,0,0,0,0,80,0,0,0,0,0,0,328,68,0,0,0,0,79,53,89,33,0,72,0,0,0,0,0,0,22,29,40,333,0,303,0,0,0,0,30,33,0,0,0,209,0,234,42,112,43,22,0,0,1066,163,0,0,0,0,0,0,0,0,0,146,0,234,0,26,0,0,104,55,0,0,76,0,0,0,37,264,0,0,0,0,0,26,20,0,0,936,63,100,0,1973,0,0,0,0,607,222,133,0,0,0,42,79,0,424,0,0,0,40,0,0,39,0,226,0,0,0,0,0,216,0,0,446,0,0,286,0,0
"Multi-metal ABC efflux pumps",3750,180,100,81,0,0,0,272,0,0,0,0,4463,0,69,0,27,0,110,0,0,1993,451,0,230,0,0,1664,0,1038,0,80,0,0,0,0,2656,452,46,0,0,0,0,0,0,0,0,1176,0,21,33,2246,0,0,0,40,2335,0,0,0,0,0,0,0,0,0,876,0,0,0,622,0,47,0,0,0,0,385,0,0,0,0,0,0,0,0,0,0,830,0,0,0,0,0,0,2179,472,0,0,0,0,331,240,448,67,0,263,0,0,0,0,0,0,61,96,165,2352,0,2342,0,0,0,0,38,0,0,101,0,1204,0,1378,285,722,190,47,0,0,5307,584,0,0,0,0,0,0,0,0,0,753,0,1315,0,0,0,0,366,231,0,0,218,19,0,0,228,591,0,0,0,0,0,46,159,0,0,4299,326,1064,0,7962,0,0,0,0,2692,1558,1087,0,0,0,388,302,0,2618,0,32,0,46,0,0,40,0,679,0,0,0,0,0,1516,0,0,2699,0,0,1511,0,0
"Biocide and metal ABC efflux pumps",981,128,0,123,0,0,46,87,0,29,0,0,1053,0,0,0,0,0,0,0,0,614,135,0,191,0,56,759,0,224,0,12,0,0,0,0,698,177,10,0,0,0,0,0,0,0,0,556,0,13,0,637,0,0,0,0,756,0,0,0,0,0,0,0,0,0,200,0,0,0,132,0,0,0,0,0,0,57,39,0,0,0,0,0,132,0,0,0,151,0,0,0,0,0,0,476,154,0,0,25,0,185,38,236,151,0,138,0,0,0,0,0,0,0,177,146,617,0,566,0,0,0,0,51,0,0,0,0,351,0,379,70,194,66,0,0,0,1708,188,0,0,0,0,0,0,0,0,0,239,0,396,0,0,0,11,154,148,0,0,211,0,0,0,200,132,0,0,0,0,0,10,93,0,0,1288,157,169,0,3575,0,0,0,0,961,398,522,0,0,0,113,376,0,666,0,121,0,0,0,0,151,0,421,0,0,0,0,0,465,0,0,687,0,0,478,0,0
"Fosfomycin thiol transferases",0,0,0,0,0,0,3,0,0,0,0,0,0,0,0,0,0,0,0,0,0,0,0,0,0,0,0,0,0,0,0,0,0,0,0,0,0,0,0,0,0,0,0,0,0,0,0,0,0,0,0,0,0,0,0,0,0,0,0,0,0,0,0,0,0,0,0,0,0,0,0,0,0,0,0,0,0,0,0,0,0,0,0,0,0,0,0,0,0,0,0,0,0,0,0,0,0,0,0,0,0,0,0,0,0,0,0,0,0,0,0,0,0,0,0,0,0,0,0,7,0,0,0,0,0,0,0,0,15,0,0,0,0,0,0,0,0,0,0,0,0,0,0,0,0,0,0,0,0,0,0,0,0,0,0,0,0,0,0,0,0,0,0,0,0,0,0,0,0,0,0,0,0,0,0,0,0,0,0,0,0,0,0,0,0,0,0,0,0,0,0,0,0,0,0,0,0,0,0,0,0,0,0,0,0,0,0,0,0,0,0,0,0,0,0,0
"Multi-drug RND efflux pumps",270,14,0,15,0,0,0,13,0,40,0,0,304,0,0,0,0,0,0,0,0,145,29,0,42,0,12,214,0,82,0,0,0,0,0,0,190,46,0,0,0,0,0,0,0,0,0,173,0,29,0,209,0,0,0,0,229,0,0,0,0,0,0,0,0,0,277,0,0,0,43,0,0,0,0,0,0,66,0,0,0,0,0,0,0,0,0,0,105,0,0,0,0,0,0,119,31,0,0,0,0,46,160,45,0,0,30,0,0,0,0,0,0,0,18,0,140,0,368,0,0,0,0,0,0,0,0,0,275,0,98,0,31,66,0,0,0,402,71,0,0,0,0,0,13,0,0,0,36,0,173,12,0,0,18,45,59,0,0,36,22,0,0,48,49,0,0,0,0,0,0,0,0,0,362,70,140,0,812,0,0,0,0,262,192,64,0,0,0,52,52,0,185,0,43,0,43,0,0,0,0,102,0,0,0,0,0,132,0,0,183,0,0,125,0,0
"Peroxide resistance stress protein",680,39,0,25,0,0,4,55,0,0,0,0,781,0,0,0,0,0,0,0,0,360,94,10,118,5,5,361,0,140,8,12,0,0,0,0,489,76,15,0,0,0,0,0,10,0,0,349,9,13,9,393,0,0,0,6,527,0,0,0,0,0,0,0,0,12,120,0,3,0,81,0,0,0,0,0,0,46,38,0,0,0,0,0,0,0,0,0,64,0,0,7,0,0,0,284,102,0,0,0,0,145,38,122,38,0,92,0,0,0,9,0,0,15,39,30,339,0,323,0,0,0,0,19,0,0,12,0,217,0,216,23,126,40,0,0,0,1298,143,0,0,0,0,0,0,10,0,0,126,0,255,0,7,0,0,72,47,0,0,141,7,0,0,62,38,0,0,0,0,0,0,17,0,0,932,48,116,0,2527,0,0,0,0,717,260,246,0,0,0,82,109,0,491,0,0,0,26,0,0,56,0,263,0,0,0,0,0,245,0,0,411,0,0,307,0,0
"Acetate resistance protein",2363,177,0,14,0,0,0,166,0,0,0,0,2555,0,0,0,0,0,71,0,0,1169,370,0,211,0,0,1628,0,522,0,81,0,0,0,0,1834,344,0,0,0,0,0,0,0,0,0,1326,0,36,0,1286,0,0,0,15,1760,0,0,0,0,0,0,0,0,0,396,0,0,0,269,0,0,0,0,0,0,170,11,0,0,0,0,0,0,0,0,0,255,0,0,0,0,0,0,1219,236,0,0,0,0,313,175,392,0,0,294,0,0,0,0,0,0,23,113,191,1216,0,1256,0,0,0,0,12,0,0,0,0,705,0,850,92,381,277,0,0,0,3578,506,0,0,0,0,0,0,0,0,0,454,0,925,0,0,0,0,289,232,0,0,244,0,0,0,148,220,0,0,0,0,0,0,0,0,0,3338,216,701,0,8780,0,0,0,0,2112,937,577,0,0,0,288,292,0,1596,0,65,0,121,0,0,160,0,770,0,0,0,0,0,926,0,0,1527,0,0,1025,0,0
"Aminoglycoside efflux pumps",675,120,0,74,0,0,0,61,0,0,0,0,878,0,36,0,62,0,110,0,0,337,82,0,170,90,46,454,0,189,0,130,0,0,0,0,424,109,70,0,0,0,0,0,0,0,0,486,0,54,77,426,0,0,0,108,489,0,0,0,0,0,0,0,0,0,264,0,0,0,136,0,0,0,0,0,0,94,71,0,0,0,0,0,0,0,0,0,177,0,0,0,0,0,0,337,126,0,0,101,0,115,91,143,69,0,85,0,0,0,39,0,0,39,98,165,0,0,295,0,0,0,0,0,0,0,0,0,352,0,246,74,147,90,0,0,0,979,214,0,0,0,0,0,0,0,0,0,155,0,344,0,0,0,0,128,121,0,0,98,0,0,0,174,225,0,0,0,0,0,0,82,0,0,832,239,406,0,2255,0,0,0,0,727,456,255,0,0,0,76,99,0,495,0,107,0,0,0,0,154,0,194,0,0,0,0,0,331,0,0,491,0,0,320,0,0
"Drug and biocide SMR efflux pumps",815,28,22,26,0,3,0,37,0,0,14,0,934,0,0,0,5,0,24,0,0,406,31,22,56,0,7,464,0,217,0,0,0,0,0,0,460,47,6,0,0,0,0,23,0,0,0,290,0,16,21,386,0,0,0,35,456,0,0,22,0,0,23,0,0,0,176,0,0,0,60,0,7,0,0,8,0,57,10,0,0,0,0,0,0,0,0,0,71,0,0,0,0,0,0,409,26,0,0,0,0,114,61,76,15,0,32,0,0,0,6,0,45,8,34,39,448,0,365,16,0,0,0,7,0,0,10,0,262,0,241,0,134,37,0,0,0,1088,170,0,0,0,0,0,0,0,0,0,137,0,273,0,0,0,0,116,52,0,0,80,0,0,0,73,98,20,6,0,0,0,10,0,0,0,788,66,191,0,1527,0,0,0,0,1367,281,184,0,0,0,86,83,0,551,0,8,0,7,0,0,43,2,165,0,0,0,0,0,211,0,0,354,0,0,264,0,0
"Lincosamide nucleotidyltransferases",3313,7902,8077,11281,7859,5686,7675,1613,7016,6807,9133,8289,3068,8560,6439,9925,18809,5915,9151,8857,6595,6272,5963,9335,6427,8883,7210,2265,8850,2798,12430,6806,9371,4599,10715,88,7221,8834,7206,5929,5083,7395,13164,2209,10259,7284,8534,3437,7895,5617,6757,6644,8088,8251,10189,6651,4241,8115,10847,7281,8906,7066,9765,8091,4669,7671,4315,11688,9433,7590,5988,8778,7070,13758,10484,5952,15536,7493,6240,7696,19579,7730,10623,6893,12526,12170,11143,15372,14352,8593,6915,5778,6617,9943,12858,1495,7528,9682,7316,8385,7906,4761,4483,11014,3713,9309,5724,5399,6089,7394,8077,11049,7733,6639,6790,12139,3367,12820,6001,6528,1437,7244,5651,12119,8042,5986,7010,4366,4233,7585,3333,8744,6515,4361,6349,7951,8034,4304,4485,11242,7757,6544,9435,6143,4355,8850,6703,17428,2118,9292,7878,5258,7901,10920,10501,3069,6925,12199,8283,4953,8881,16088,10137,11390,5489,4227,5675,6612,5221,9086,17236,7716,7868,12761,6062,4771,7199,12532,9388,12541,6755,389,7991,6365,6203,10862,16279,15105,15473,5645,5933,6104,4067,7821,7298,14436,6577,7609,0,12789,356,4742,11537,10421,5129,12716,2299,3636,8939,12153,3605,9284,8890,6316,12507,9480
"MLS resistance ABC efflux pumps",483,3349,916,595,2714,262,2114,73,2389,873,4976,1148,199,974,1880,529,331,531,905,2128,1521,1079,417,4939,1012,355,2464,715,636,636,705,734,926,1721,1283,0,4458,1639,1842,1363,680,1082,1131,371,3736,713,2284,446,894,748,670,1173,1248,435,1566,2305,805,1559,943,477,482,1561,5383,821,250,671,620,1065,3642,956,1261,3116,1770,1278,1493,605,1187,665,555,1548,2433,2353,1428,1357,1048,698,865,1014,1284,995,941,353,419,8477,1098,147,4661,853,789,2511,515,592,616,819,153,3240,4226,763,1284,3018,405,3440,1780,642,549,1127,126,736,938,355,81,2376,1817,6144,1087,966,3465,466,623,1222,594,3505,3503,198,773,1354,926,994,521,540,365,910,1175,1493,404,2289,860,1792,619,1120,719,312,554,1510,578,407,2005,1333,910,596,1312,1677,1334,584,332,649,730,252,875,655,1542,995,846,873,350,166,1105,1300,383,1730,306,0,356,752,363,509,1495,7652,1182,3331,407,733,596,1902,1303,1028,465,708,0,599,185,216,865,1240,1031,2006,120,753,476,1030,270,245,1287,533,1016,625
"Multi-drug ABC efflux pumps",1318,1105,122,183,813,61,623,139,737,355,1645,323,1513,161,509,68,91,49,111,359,467,741,311,1660,508,124,695,1145,80,363,194,340,95,562,340,0,2107,400,600,308,35,219,55,91,1131,81,634,660,95,106,180,924,155,94,378,856,1162,407,186,84,116,445,1769,216,53,328,519,44,1176,131,367,527,528,73,332,166,162,220,46,382,200,676,90,164,84,152,47,83,453,77,145,67,124,2454,50,623,1735,202,66,788,82,435,261,538,37,914,1705,149,149,895,158,1171,562,84,328,234,695,33,1127,50,22,712,509,2260,248,183,1230,133,692,76,535,1331,1334,277,92,241,142,1938,419,73,75,148,116,236,81,713,61,146,533,364,632,62,93,274,159,321,1036,104,140,356,368,115,360,301,436,67,122,34,192,37,77,185,112,81,1748,221,864,215,4148,419,31,0,27,1288,717,597,72,2669,68,339,314,62,904,577,130,75,388,81,0,217,58,509,28,65,170,517,11,670,99,89,1020,22,121,657,270,158
"Drug and biocide RND efflux pumps",13683,984,0,727,0,0,74,1252,0,100,0,0,14766,0,360,0,32,0,966,0,0,6960,2281,0,1674,35,518,9065,0,3329,0,746,0,0,0,0,10352,1971,386,0,0,0,0,0,0,0,0,7907,219,393,177,7734,0,0,0,232,9848,0,0,0,0,0,0,0,0,206,2825,0,0,0,2115,86,191,0,0,0,0,1106,448,0,0,0,0,0,0,0,0,0,1822,0,0,0,22,0,0,6959,1411,0,0,240,0,2136,1251,2164,919,0,1471,0,0,0,477,0,65,384,979,1431,6944,0,6942,0,0,0,0,613,0,0,472,0,4610,0,4847,777,2294,1574,166,0,74,21352,3228,0,0,0,0,0,0,0,0,0,2965,0,5312,0,48,0,0,2206,1390,0,0,1777,36,0,0,1312,1625,47,0,0,0,0,168,412,0,0,19838,1761,2986,0,48917,0,0,0,0,13530,5940,4167,0,0,0,1629,1903,0,8695,0,587,0,634,0,0,974,0,4813,0,0,0,0,0,5542,0,0,9161,0,0,6501,0,0
"MLS resistance MFS efflux pumps",4804,9931,12950,3413,5523,3910,4355,3242,4052,9616,8887,5393,10869,7693,6049,7363,3759,5470,8244,8422,3482,4828,5007,6577,3625,5153,4103,6355,4887,5152,8099,9813,5315,2958,11574,44,2206,7910,5134,6415,6042,9920,12212,1402,7254,3847,5015,17367,4082,3311,5713,5998,7292,5743,11552,5793,11274,6957,8783,3791,5217,5459,3653,5816,4239,7486,9535,5146,4973,4095,6654,17038,9115,3511,7780,8691,7988,6564,6957,6852,4949,4240,4497,4115,6332,7340,4567,10373,12935,6905,13843,6535,5079,13642,5484,1350,11031,6816,6282,4723,7296,4560,72585,9271,1742,7622,7065,6771,6351,7522,3023,5191,3753,6889,5392,7761,24154,5879,1907,8941,6249,4123,5209,6542,5939,4858,3809,4620,4392,4714,8798,5971,2240,4144,17348,5846,10791,9610,1939,6460,7323,7613,7392,5841,2487,5385,6586,11259,2635,8325,8477,3633,13927,4688,5209,701,6457,6257,10145,4476,4832,7552,10553,3928,3614,7336,5222,6031,4955,2318,7830,5990,6678,7591,4972,803,1352,6367,8535,9217,5386,252,4640,6418,19997,5681,2836,7872,3636,4222,5118,5654,4901,5360,8278,9797,7531,13691,0,3542,35,5098,4353,3447,7329,4749,2783,1442,3614,6088,1450,4848,6703,6456,6278,6731
"Mercury resistance protein",18,0,53,0,0,21,8,17,0,0,0,0,0,0,0,0,0,0,0,0,0,128,0,0,0,0,0,0,0,0,120,41,0,0,0,0,72,0,0,0,0,0,0,0,0,0,0,5,0,0,0,0,0,0,0,29,19,0,0,0,0,0,0,0,0,0,128,0,0,0,98,0,0,0,0,0,0,0,0,0,0,0,0,0,0,0,0,0,227,0,0,0,0,0,0,0,22,0,0,0,0,150,0,0,0,0,0,0,0,0,0,0,0,0,0,0,0,0,72,0,134,0,0,0,0,0,0,0,0,0,119,0,23,0,0,0,0,143,0,0,0,0,0,0,0,0,0,0,8,0,20,0,0,0,0,40,0,0,0,131,0,0,0,0,0,0,0,0,0,0,0,0,0,0,99,0,343,0,0,0,0,0,0,21,0,219,0,11,0,0,0,0,0,0,0,0,41,0,0,0,0,0,0,0,0,0,0,33,0,0,0,0,0,0,0,0
"Mercury resistance regulator",0,0,0,0,0,0,0,0,0,0,0,0,0,0,0,0,0,0,0,0,0,0,0,0,0,0,0,0,0,0,0,0,0,0,0,0,45,0,0,0,0,0,0,0,0,0,0,0,0,0,0,0,0,0,0,0,0,0,0,0,0,0,0,0,0,0,12,0,0,0,0,0,0,0,0,0,0,0,0,0,0,0,0,0,0,0,0,0,40,0,0,0,0,0,0,0,7,0,0,0,0,71,0,0,0,0,0,0,0,0,0,0,0,0,0,0,0,0,22,0,0,0,0,0,0,0,0,0,0,0,19,0,0,0,0,0,0,32,0,0,0,0,0,0,0,0,0,0,0,0,0,0,0,0,0,0,0,0,0,29,0,0,0,0,0,0,0,0,0,0,0,0,0,0,0,0,9,0,0,0,0,0,0,0,0,50,0,0,0,0,0,0,0,0,0,0,21,0,0,0,0,0,0,0,0,0,0,0,0,0,0,0,0,0,0,0
"Arsenic resistance membrane transporter",0,0,0,0,0,0,0,0,0,0,0,0,19,0,0,0,0,0,0,0,0,11,0,0,0,0,0,62,0,21,0,0,0,0,0,0,0,0,0,0,0,0,0,0,0,0,0,32,0,0,0,0,0,0,0,0,48,0,0,0,0,0,0,0,0,0,0,0,0,0,0,0,0,0,0,0,0,0,0,0,0,0,0,0,0,0,0,0,57,0,0,0,0,0,0,0,0,0,0,0,0,0,0,0,0,0,0,0,0,0,0,0,0,0,0,0,47,0,10,0,0,0,0,0,0,0,0,0,0,0,39,0,0,0,0,0,0,76,0,0,0,0,0,0,0,0,0,0,0,0,0,0,0,0,0,0,0,0,0,0,0,0,0,0,0,19,0,0,0,0,0,0,0,0,34,0,0,0,0,0,0,0,0,0,29,0,0,0,0,0,0,0,21,0,0,0,0,0,0,0,0,0,0,0,0,0,0,0,0,0,0,0,0,0,0,0
"Macrolide phosphotransferases",359,49,30,61,87,36,86,34,45,87,111,134,343,16,51,42,0,40,104,70,78,525,65,68,23,0,38,226,27,67,71,72,47,51,64,0,287,401,59,42,43,64,60,16,101,125,120,175,71,59,50,497,59,35,53,73,783,39,55,40,15,54,47,0,19,19,62,24,40,25,134,34,72,47,89,28,11,63,64,81,45,99,80,26,37,91,0,30,131,58,197,32,15,0,26,144,82,55,45,95,23,31,19,68,13,51,63,0,21,56,8,77,96,54,14,85,176,36,145,0,16,28,78,57,47,36,136,26,153,36,626,44,132,67,62,13,101,448,48,60,100,38,81,35,0,102,87,66,642,43,160,0,0,41,25,54,25,67,35,42,31,32,53,57,114,48,36,29,62,0,98,32,119,60,513,34,425,77,1176,58,18,0,25,287,118,175,21,80,42,55,38,62,606,89,59,27,57,25,0,32,0,123,23,22,94,129,0,135,0,0,1261,53,47,190,36,52
"Defensin-resistant mprF",197,0,0,0,0,0,0,0,0,0,0,0,88,0,0,0,0,0,0,0,0,389,0,0,0,0,0,0,0,193,0,0,0,0,0,0,149,0,0,0,0,0,0,540,0,0,0,0,0,0,0,791,0,0,0,0,372,0,0,0,0,0,0,0,0,0,50,0,0,0,0,0,0,0,0,0,0,0,0,0,0,0,0,0,0,0,0,0,0,0,0,0,0,0,0,0,0,0,0,0,0,0,0,0,0,0,0,0,0,0,0,0,0,0,0,0,0,0,185,0,0,0,0,0,0,0,0,0,0,0,0,0,31,0,0,0,0,587,140,0,0,0,0,0,0,0,0,0,21,0,45,0,0,0,0,62,0,0,0,0,0,0,0,0,0,0,0,0,0,0,0,0,0,0,165,0,0,0,0,0,0,0,0,315,37,0,0,0,0,0,0,0,0,0,0,0,0,0,0,0,0,0,0,0,0,0,0,85,0,0,327,0,0,60,0,0
"Chromium resistance protein",532,48,0,31,0,0,72,46,0,46,0,0,566,0,0,0,0,0,49,0,0,349,52,0,79,0,0,343,0,173,0,54,0,0,0,0,497,107,45,0,0,0,0,0,0,0,0,378,24,0,0,327,0,0,0,0,436,0,0,0,0,0,0,0,0,0,185,0,0,0,104,0,0,0,0,0,0,45,0,0,0,0,0,0,0,0,0,0,87,0,0,0,0,0,0,301,102,0,0,0,0,81,30,136,36,0,50,0,0,0,0,0,0,32,46,65,339,0,359,0,0,0,0,31,0,0,56,0,197,0,186,52,100,46,0,0,0,844,126,0,0,0,0,0,0,0,0,0,116,0,199,0,0,0,0,123,83,0,0,60,0,0,0,56,119,0,0,0,0,0,0,32,0,0,856,61,135,0,1632,0,0,0,0,550,268,124,0,0,0,33,55,0,362,0,52,0,49,0,0,28,0,223,0,0,0,0,0,199,0,0,431,0,0,212,0,0
"Nickel ABC efflux pumps",4376,308,98,260,0,0,48,419,0,112,0,0,4640,0,143,0,169,0,363,0,0,2059,719,0,397,0,158,2830,0,937,51,190,0,0,0,0,3399,519,123,20,0,0,0,0,0,38,0,2348,92,181,216,2743,0,0,0,54,3265,0,30,0,0,0,0,0,0,71,803,0,0,0,570,0,84,0,0,0,0,345,196,0,0,0,0,0,61,0,0,0,589,0,0,118,0,0,0,2181,366,0,0,176,0,697,441,798,300,0,408,0,0,0,154,0,0,197,276,394,2488,0,2143,0,0,0,0,188,0,0,164,0,1458,0,1479,348,772,498,38,0,0,6656,1003,0,0,0,0,0,0,0,0,0,1064,0,1880,0,26,0,19,703,529,0,0,567,72,0,0,482,588,0,0,0,0,0,160,141,0,0,5792,641,1055,0,16399,0,0,0,0,3888,2078,1402,0,0,0,445,531,0,2693,0,274,0,338,0,0,348,0,1582,0,0,0,0,0,1863,0,36,3319,0,0,1878,0,0
"Nickel ABC efflux regulator",344,23,0,20,0,0,0,36,0,0,0,0,453,0,5,0,11,0,20,0,0,188,51,0,30,0,0,280,0,48,0,0,0,0,0,0,281,77,9,2,0,0,0,0,0,0,0,198,9,25,0,193,8,0,14,3,297,0,0,0,0,0,0,0,0,0,79,0,0,0,74,0,5,0,0,0,0,32,8,0,0,0,0,4,0,9,0,0,22,0,0,0,0,0,0,196,39,0,0,0,0,49,19,72,8,0,38,0,0,0,12,0,0,12,19,32,223,0,163,0,0,0,0,0,0,0,0,0,128,0,145,8,82,29,20,0,0,641,108,0,0,0,0,0,0,9,0,0,108,4,155,0,0,0,1,65,32,0,0,48,5,0,0,31,26,0,0,0,0,0,4,0,0,0,520,43,162,0,1404,0,0,0,0,356,134,126,0,0,0,34,34,0,244,0,16,0,19,0,0,23,0,137,0,0,0,0,0,160,0,1,225,0,0,197,0,0
"nim nitroimidazole reductase",0,0,40,60,54,0,0,0,58,0,0,55,0,184,16,104,75,89,31,168,6,6,15,0,0,0,0,0,64,0,76,0,65,0,32,4,0,109,13,0,7,160,14,0,15,127,94,0,50,0,44,0,155,92,128,86,0,0,67,13,8,172,0,48,0,0,29,37,0,70,0,83,0,207,45,0,60,33,14,129,61,0,62,0,234,15,160,134,25,115,34,47,20,0,164,0,43,0,59,0,256,0,0,40,0,0,35,84,96,62,0,94,28,24,0,7,0,28,408,39,0,0,23,0,37,0,0,0,0,83,0,0,0,0,86,272,146,0,0,58,56,145,70,114,0,0,99,159,0,0,0,0,0,72,21,0,0,32,118,0,0,253,15,0,0,0,19,16,14,0,102,95,79,67,20,0,0,145,80,111,148,0,222,0,0,0,17,0,117,79,0,94,0,23,62,169,0,108,0,0,0,0,164,103,51,0,43,25,0,110,0,39,115,0,78,64
"16S rRNA methyltransferases",141,73,238,28,138,60,72,159,129,181,241,176,152,119,117,354,0,45,247,192,179,161,0,307,52,497,199,0,128,206,181,250,0,78,82,0,575,135,138,403,128,88,152,384,279,244,137,295,0,111,103,713,82,245,75,69,341,192,419,137,52,245,487,133,29,375,775,118,272,0,55,87,49,112,0,412,182,86,113,211,0,177,0,63,251,120,0,0,409,0,371,38,109,0,0,132,30,197,65,189,178,361,16,179,35,55,47,334,208,365,29,344,0,61,28,166,974,66,0,58,107,89,173,164,99,143,261,134,593,47,206,369,299,40,148,161,166,370,206,52,86,111,140,66,0,251,219,0,251,276,295,37,21,118,332,218,256,0,493,208,206,0,62,310,406,1073,348,103,156,31,83,140,211,96,332,599,99,44,62,148,138,0,0,261,756,0,99,191,0,0,0,39,333,205,200,179,294,355,0,133,0,0,0,0,254,400,0,135,0,0,191,0,74,262,0,165
"Mutant porin proteins",0,0,0,0,0,0,0,0,0,0,0,0,0,0,0,0,0,0,0,0,0,0,0,0,0,0,0,0,0,0,0,0,0,0,0,0,0,0,0,0,0,0,0,0,0,0,0,0,0,0,0,0,0,0,0,0,0,0,0,0,0,0,0,0,0,0,0,0,0,0,0,0,0,0,0,0,0,0,0,0,0,0,0,0,0,0,0,0,0,0,0,0,0,0,0,0,0,0,0,0,0,0,0,0,0,0,0,0,0,0,0,0,66,0,0,0,0,0,0,46,0,0,0,0,0,0,0,0,47,0,0,0,0,0,0,0,0,0,0,0,0,0,0,0,0,0,0,0,0,0,0,0,0,0,0,0,0,0,0,0,0,0,0,0,0,0,0,0,0,0,0,0,0,0,0,0,0,0,0,0,0,0,0,0,0,0,0,0,0,0,0,0,0,0,0,0,0,0,0,0,0,0,0,0,0,0,0,0,0,0,0,0,0,0,0,0
"Class D betalactamases",0,0,12,0,0,0,0,0,0,0,0,0,16,19,0,0,0,0,53,0,0,0,0,0,0,67,0,0,0,0,47,0,0,0,0,0,59,0,18,0,0,0,0,0,0,0,0,0,0,0,0,0,9,0,0,13,49,71,69,24,0,0,0,0,0,0,0,0,123,0,0,0,0,0,0,54,0,0,0,0,0,0,0,15,38,0,0,0,9,0,0,0,0,0,0,0,0,0,0,14,0,0,0,0,0,0,0,15,0,0,0,0,0,0,0,0,20,0,0,33,0,0,0,0,0,0,0,0,0,0,60,0,0,0,0,0,0,32,0,0,0,0,0,0,0,0,27,0,0,85,10,72,0,0,0,0,0,0,0,0,0,0,0,32,0,0,327,0,0,0,0,0,0,0,0,0,0,0,0,0,11,0,0,0,89,0,0,0,0,0,0,0,33,0,0,0,0,0,0,0,0,0,0,0,0,0,0,0,0,0,0,0,0,0,0,0
"Penicillin binding protein",1850,137,0,136,0,0,0,136,0,0,0,0,2056,0,49,0,0,0,164,0,0,1049,273,0,259,0,27,1292,0,421,0,56,0,0,0,0,1560,255,50,0,0,0,0,0,0,0,0,1051,0,63,79,1066,0,0,42,85,1473,0,0,0,0,0,0,0,0,0,297,0,0,0,256,0,123,0,0,0,0,163,55,0,0,0,0,0,0,0,0,0,188,0,0,0,0,0,0,1179,141,0,0,0,0,289,166,317,117,0,195,0,0,0,0,0,34,28,172,158,1046,0,947,48,18,0,0,88,0,0,37,0,615,0,735,49,336,182,0,0,0,2975,463,0,0,0,0,0,0,0,0,0,448,0,776,0,62,0,0,288,176,0,0,217,33,0,0,185,142,0,0,0,0,0,0,48,0,0,2508,177,415,0,6284,0,0,0,0,1418,713,505,0,0,0,270,242,0,1188,0,174,0,137,0,0,170,0,722,0,0,0,0,0,708,0,0,1358,0,0,828,0,0
"Drug and biocide SMR efflux regulator",0,0,0,0,0,0,0,0,0,0,0,0,0,0,0,0,0,0,0,0,0,0,0,0,0,0,0,0,0,0,0,0,0,0,0,0,0,0,0,0,0,0,0,0,0,0,0,0,0,0,0,0,0,0,0,0,0,0,0,0,0,0,0,0,0,0,0,0,0,0,0,0,0,0,0,0,0,0,0,0,0,0,0,0,0,0,0,0,0,0,0,0,0,0,0,0,0,0,0,0,0,0,0,0,0,0,0,0,0,0,0,0,0,0,0,0,0,0,0,0,0,0,0,0,0,0,0,0,0,0,0,0,0,0,0,0,0,0,0,0,0,0,0,0,0,0,0,0,0,0,0,0,0,0,0,0,0,0,0,0,0,0,0,0,0,0,0,0,0,0,0,0,0,0,0,0,0,0,0,0,0,0,0,391,0,0,0,0,0,0,0,0,0,0,0,0,0,0,0,0,0,0,0,0,0,0,0,0,0,0,0,0,0,0,0,0
"Quinolone resistance protein Qnr",0,0,0,0,0,0,0,0,0,0,0,0,0,0,0,0,0,0,0,0,0,0,0,0,0,0,0,0,0,0,0,0,0,0,0,0,0,0,0,0,0,0,0,0,0,0,0,0,0,0,0,20,0,0,0,0,0,0,0,0,0,0,0,0,0,0,0,0,0,0,0,0,0,0,0,0,0,0,0,0,0,0,0,0,0,0,0,0,0,0,0,0,0,0,0,0,0,0,0,0,0,280,0,0,0,0,0,0,0,0,0,0,0,0,0,0,0,0,0,0,0,0,0,0,0,0,0,0,0,0,0,0,0,0,0,0,0,0,0,0,0,0,0,0,0,0,0,0,0,0,0,0,0,0,0,0,0,0,0,211,0,0,0,0,0,0,0,0,0,0,0,0,0,0,11,0,0,0,0,0,0,0,0,503,0,0,0,0,0,0,0,0,0,0,0,0,0,0,0,0,0,0,0,0,0,0,0,0,0,0,0,0,0,0,0,0
"Multi-drug MFS efflux pumps",0,0,0,0,0,0,0,0,0,0,0,0,0,0,0,0,0,0,0,0,0,0,0,0,0,0,0,0,0,0,0,0,0,0,0,0,0,0,0,0,51,0,0,0,0,0,0,0,0,0,0,0,0,0,0,0,0,0,0,0,0,0,0,0,0,0,0,0,0,0,0,0,0,0,0,0,0,0,0,0,0,0,0,0,0,0,0,0,0,0,0,0,0,0,0,0,0,0,0,0,0,0,0,0,0,0,0,0,0,0,0,0,0,0,0,0,0,0,0,0,0,0,0,0,0,0,0,0,0,0,0,0,0,0,0,0,0,0,0,0,0,0,0,0,0,0,0,0,0,0,0,0,0,0,0,0,0,0,0,0,0,0,0,0,0,0,0,0,0,263,0,0,0,0,0,0,0,0,0,0,0,0,0,0,0,0,0,0,0,0,0,0,0,0,0,0,0,0,0,0,0,0,0,0,0,0,0,0,0,0,0,0,0,0,0,0
"Streptothricin acetyltransferase",1490,1348,1731,1692,1148,1540,1225,470,859,2031,1563,1683,1881,2548,1249,2272,865,1505,2368,2039,1051,2315,1808,1515,2954,2655,999,1103,1608,1699,2322,2516,2653,671,2236,32,1309,2518,1014,1492,1379,1393,1957,1770,2185,2709,1290,1176,2498,1712,1746,1934,2975,1983,2413,1165,1483,1845,2493,2658,3083,925,1208,2061,1941,2082,1426,1969,1359,2409,1845,2646,1835,3816,1600,2377,2482,2398,1546,1743,4903,1902,4052,3861,1899,2156,1944,2100,3367,1605,1763,1164,1626,4217,1417,1182,4114,1316,1173,1153,1827,1486,1491,3091,1686,1139,3231,1880,2177,1205,2173,1777,1975,2229,2661,1336,1374,1362,2149,1595,1483,1292,1582,2038,1320,2074,1144,1950,2444,2141,1727,1361,1056,1408,1645,1557,2334,1773,872,1235,1467,1270,2318,2127,1712,1620,1959,1741,983,4545,1562,1593,2892,1271,2944,822,1645,1279,1691,1641,1324,1911,1426,1996,1065,2577,1984,1688,888,916,1810,2012,2410,1876,2085,2897,1641,2021,3286,1859,1639,175,1665,1399,1890,1371,1991,1163,2411,1139,1518,1542,1458,972,2172,1856,2484,1607,0,1902,158,1046,1933,3446,1779,827,699,929,2072,1520,1156,1329,4073,2157,2119,1347
"peroxide resistance protein",1064,52,0,0,0,0,0,80,0,31,0,0,1266,0,33,0,16,0,39,0,0,527,128,0,132,3,18,716,0,265,0,32,0,0,0,0,865,104,58,0,0,0,0,0,0,0,0,611,18,36,30,655,0,0,0,13,715,0,0,0,0,0,0,0,0,35,236,0,0,0,115,0,43,0,0,0,0,71,22,0,0,0,0,0,0,0,0,0,99,0,0,0,0,0,0,536,111,0,0,0,0,145,71,181,75,0,103,0,0,0,22,0,0,8,80,105,601,0,536,0,18,0,0,57,0,0,9,0,372,0,395,71,215,93,0,0,0,1693,270,0,0,0,0,0,14,0,0,0,248,0,432,0,0,0,0,141,113,0,0,109,44,0,0,101,128,0,0,0,0,0,25,46,0,0,1516,117,393,0,3578,0,0,0,0,1035,447,292,0,0,0,133,168,0,672,0,37,0,120,0,0,31,0,352,0,0,0,0,0,464,0,0,681,0,0,482,0,0
"Multi-biocide SMR efflux pump",443,16,0,8,0,0,0,34,0,0,0,0,469,0,0,0,5,0,0,0,0,193,97,0,26,0,0,317,0,107,0,15,0,0,0,0,406,54,4,0,0,0,0,0,0,0,6,258,6,0,0,231,0,0,0,0,408,0,0,0,0,0,0,0,0,0,40,0,0,0,53,0,0,0,0,0,0,2,5,0,0,0,0,0,0,2,0,0,58,0,0,0,0,0,0,255,45,0,0,0,0,40,40,90,0,0,42,0,0,0,7,0,0,0,24,27,292,0,296,0,0,0,0,13,0,0,12,0,157,0,208,8,96,45,0,0,0,772,102,0,0,0,0,0,6,0,0,0,41,0,198,0,0,0,0,48,32,0,0,33,0,0,0,42,11,0,0,0,0,0,0,0,0,0,640,61,106,0,1601,0,0,0,0,376,158,129,0,0,0,50,54,0,291,0,0,0,20,0,0,30,0,167,0,0,0,0,0,194,0,0,351,0,0,208,0,0
"Sulfonamide-resistant dihydropteroate synthases",8,0,0,0,0,0,0,39,0,0,0,0,129,0,0,0,0,0,0,0,0,9,0,0,0,0,0,0,0,0,0,0,0,0,0,0,253,0,0,0,0,0,0,0,0,0,0,0,0,0,0,341,0,0,0,0,44,0,0,0,0,0,0,0,0,0,0,0,0,0,14,0,0,0,0,0,0,0,0,0,0,0,0,0,0,0,0,0,0,0,0,0,0,0,0,0,0,0,0,0,0,52,39,0,0,0,29,0,0,0,0,0,0,0,0,0,0,0,0,0,170,0,0,0,0,0,0,0,50,0,10,0,0,0,0,0,0,20,13,0,0,0,0,0,0,0,0,0,163,0,0,0,0,0,0,20,0,0,0,61,0,0,0,0,0,0,0,0,0,0,0,0,0,0,0,27,483,0,0,0,0,0,0,624,0,0,0,0,0,0,0,0,0,0,0,0,16,9,0,0,482,0,0,0,0,0,0,28,0,0,0,0,0,27,0,0
"Tellurium resistance protein",602,0,0,12,0,0,0,0,0,0,0,0,889,0,0,0,0,0,0,0,0,563,0,0,0,0,0,0,0,135,0,0,0,0,0,0,0,298,0,0,0,0,0,0,0,0,0,0,0,0,0,327,0,0,0,0,248,0,0,0,0,0,0,0,0,0,0,0,0,0,55,0,0,0,0,0,0,53,0,0,0,0,0,0,0,0,0,0,63,0,0,0,0,0,0,496,0,0,0,0,0,0,110,0,0,0,0,0,0,0,0,0,0,0,0,32,505,0,371,0,0,0,0,0,0,0,0,0,0,0,605,0,0,0,0,0,0,423,0,0,0,0,0,0,0,0,0,0,0,0,96,0,0,0,0,0,0,0,0,0,0,0,0,0,60,0,0,0,0,0,0,20,0,0,31,0,117,0,0,0,0,0,0,0,9,0,0,0,0,0,0,0,481,0,0,0,0,0,0,0,0,0,0,0,0,0,0,8,0,0,1279,0,0,0,0,0
"Tetracycline resistance ribosomal protection proteins",47552,113277,141678,94199,94368,93575,88961,32518,75822,123550,121146,95900,78315,159781,77359,115402,120528,91675,145641,144883,71858,93375,79227,98761,93184,123296,72474,42473,88375,95736,140918,117688,110054,55059,132925,548,67146,183780,80242,91198,109575,88214,122901,89708,121131,105224,89085,102795,105458,179127,125062,97684,116951,84918,138384,87816,113770,103269,147224,121716,100872,88158,82833,95393,78425,103638,88116,106076,110547,105504,88800,136250,124725,163097,105048,129208,132685,116743,85011,99544,187362,93386,137754,160220,110824,128738,112335,139826,184727,126037,127913,71875,98607,134833,110135,50313,140475,93502,99326,98379,99150,96635,209714,154786,73475,102315,86164,103858,98684,82363,84931,106055,90279,100499,105458,122711,125015,111901,104769,122646,67071,79882,76480,113247,93883,101728,92774,89990,145303,142884,91920,79678,61178,69911,115583,103169,138631,111135,85216,88169,90473,99748,124582,124795,97111,94738,118075,155381,95271,193284,108929,78858,115736,96143,106244,35192,90443,114219,121276,101983,95214,134558,115056,121566,65159,90662,117683,76607,69744,75965,143201,116317,117365,118800,91835,94122,64926,133941,135480,108621,96121,5087,95756,85654,157473,144313,151638,98939,150653,291671,90531,101191,58620,86332,114832,126749,116236,118652,0,97973,38,75140,103218,130630,92368,90652,43855,59538,105722,97946,51038,92221,133286,153556,114395,85632
"Tetracycline resistance MFS efflux pumps",2202,8661,13371,8958,9823,446,8667,181,9391,2812,8289,8102,1529,17841,4477,6047,3083,3934,17097,21907,5473,5368,2093,3517,1377,852,6056,946,5735,2583,4132,8384,15461,6807,8999,154,9338,46052,7297,4896,19010,8803,13403,2647,14172,12633,7220,1522,21046,524,17914,5672,15484,6584,8034,7406,4053,6065,12209,2329,908,5082,4555,7406,172,86,1294,22594,6995,18042,6330,5531,7656,38291,7903,1733,17956,16088,6979,10641,47326,9281,37364,1205,12693,8355,22842,18049,10283,25790,5556,5932,3685,17217,16663,632,4729,6428,9246,10855,5004,1450,668,1903,1044,6340,4591,10280,6955,6453,3018,7573,2591,13966,865,13479,1025,14891,2117,309,151,7983,8380,7690,7317,8048,10119,565,2343,36774,1840,6006,9861,296,5097,11414,8562,6083,1201,7754,4929,7961,9933,26275,1247,8946,14384,29397,1220,5947,1202,984,473,8565,10945,828,2441,20907,11732,1314,3036,24681,6687,1286,978,199,14590,2989,8476,18035,22200,11050,13345,17250,8137,304,732,20188,3821,9545,5656,691,10478,3132,1330,4519,45170,9141,27475,108114,4708,15631,1692,4158,7011,19895,1781,1591,0,6195,582,11091,9316,30436,6004,6342,2570,8350,794,10815,2409,3967,26895,1218,11570,4949
"Tetracycline inactivation enzymes",235,898,2471,605,308,729,368,1122,290,2354,808,1221,1883,1427,998,932,910,1157,1124,1673,591,1926,1907,609,216,1105,604,1835,790,5244,1128,1895,1328,244,977,0,1804,1337,581,1555,1011,2000,1450,4884,923,929,829,2538,870,455,922,657,1321,897,2395,411,814,1057,1090,558,789,642,643,1185,558,2053,297,916,1520,1004,1569,1681,982,760,926,783,1333,771,913,774,1009,338,596,915,1557,891,745,2199,2333,1533,1405,2516,1347,2909,1197,1258,1171,977,1381,332,1197,773,739,1223,96,914,527,1686,852,720,526,675,521,1283,707,1261,3901,2783,3684,1079,2082,451,1207,1323,1011,1308,432,2052,584,548,2014,452,646,1360,1261,1173,1801,1807,279,684,762,1390,1283,1469,287,369,1152,2394,3566,3205,1234,675,1634,1104,788,161,1021,1986,1422,768,496,1544,1230,1149,244,1305,593,880,1159,398,1380,1521,992,1004,1502,90,486,1007,2284,1204,940,0,1402,2041,2665,581,390,797,729,661,609,1204,479,566,1663,1429,1358,2573,0,863,0,1072,1132,655,837,705,390,585,844,868,1035,1351,1193,963,890,1151
"Multi-biocide RND efflux pump",980,57,0,0,0,0,0,60,0,0,0,0,986,0,0,0,0,0,1,0,0,547,160,0,59,0,0,610,0,211,0,0,0,0,0,0,708,146,0,0,0,0,0,0,0,0,0,519,0,0,0,540,0,0,0,0,760,0,0,0,0,0,0,0,0,28,240,0,0,0,0,1,0,0,0,0,0,0,0,0,0,0,0,0,0,0,0,0,127,0,0,0,0,0,0,503,107,0,0,0,0,147,0,200,0,0,102,0,0,0,0,0,0,0,57,49,517,0,478,0,0,0,0,0,0,0,0,0,360,0,364,41,197,66,0,0,0,1441,214,0,0,0,0,0,0,0,0,0,226,0,413,0,0,0,0,100,97,0,0,169,0,0,0,82,108,0,0,0,0,0,0,1,0,0,1457,187,217,0,3484,0,0,0,0,947,470,392,0,0,0,63,78,0,706,0,0,0,0,0,0,28,0,348,0,0,0,0,0,361,0,0,719,0,0,456,0,0
"VanB-type resistance protein",0,0,0,0,0,0,0,0,0,0,0,0,0,0,0,0,0,0,0,0,0,0,0,0,0,0,0,0,0,0,0,0,0,0,0,0,0,0,0,0,0,0,0,0,0,0,0,0,0,0,0,457,0,0,0,0,0,0,0,0,0,0,0,0,0,0,0,0,0,0,0,0,0,0,0,0,0,0,0,0,0,0,0,0,0,0,0,0,0,0,0,0,0,0,0,15226,0,0,0,0,0,0,0,0,0,0,0,0,0,0,0,0,0,0,0,0,0,0,0,0,0,0,0,0,9,0,0,0,0,0,0,0,0,0,0,0,0,0,0,0,0,0,0,0,0,0,0,0,0,0,0,0,0,0,0,0,0,0,0,0,0,0,0,0,0,0,0,0,0,0,0,0,0,0,0,14,0,0,0,0,0,0,0,0,13,0,0,0,54,0,0,0,0,0,0,0,0,0,0,0,0,0,0,0,0,0,0,0,0,0,0,0,0,0,0,0
"VanD-type resistance protein",0,0,0,0,0,0,0,0,0,0,0,0,0,0,0,0,0,0,0,0,0,221,0,0,0,0,0,0,0,0,0,0,0,0,0,0,179,0,0,0,0,0,0,181,0,0,0,26,0,0,0,0,0,0,0,0,0,0,0,0,0,0,0,0,0,0,0,0,0,0,0,0,0,0,0,0,0,0,0,0,0,0,0,0,0,0,0,0,0,0,0,0,0,0,0,0,0,0,0,0,0,0,0,0,0,0,0,0,0,0,0,0,0,0,0,0,0,0,381,0,0,0,0,0,0,0,0,0,0,0,117,0,0,0,0,0,0,0,113,0,0,0,0,0,0,0,0,0,0,0,0,0,0,0,0,241,0,0,0,0,0,0,0,0,0,0,0,0,0,0,0,0,0,0,0,0,0,0,0,0,0,0,0,0,0,0,0,0,0,0,0,0,0,0,0,0,0,0,0,0,0,0,0,0,0,0,0,110,0,0,0,0,0,154,0,0
"VanG-type resistance protein",0,0,0,0,0,0,49,0,0,210,0,0,0,0,0,0,1054,0,0,0,0,0,154,0,77,0,0,0,0,0,0,74,0,0,0,0,0,0,0,0,186,0,0,0,0,0,51,0,0,0,154,0,0,53,0,102,0,0,51,100,0,67,0,0,123,982,0,0,0,0,0,0,0,0,0,0,0,0,0,0,0,0,0,0,0,0,0,0,0,0,0,0,0,197,0,0,0,0,0,34,0,477,0,0,0,0,0,0,0,0,0,0,0,0,0,0,0,0,0,0,0,0,0,0,0,0,0,532,0,0,0,0,0,0,0,0,42,0,0,0,0,0,0,0,0,0,106,0,0,0,0,0,102,0,0,0,0,0,0,367,0,0,0,0,0,0,0,0,0,0,0,0,0,0,0,78,0,0,55,0,0,0,153,0,0,0,8,0,0,0,0,0,0,0,0,0,0,0,0,0,0,0,0,0,0,0,0,0,0,0,0,0,0,0,0,0
"VanB-type regulator",0,0,0,0,0,0,0,0,0,0,0,0,0,0,0,0,0,0,0,0,0,0,0,0,0,0,0,0,0,0,0,0,0,0,0,0,0,0,0,0,0,0,0,0,0,0,0,0,0,0,0,523,0,0,0,0,0,0,0,0,0,0,0,0,0,0,0,0,0,0,0,0,0,0,0,0,0,0,0,0,0,0,0,0,0,0,0,0,0,0,0,0,0,0,0,11439,0,0,0,0,0,0,0,0,0,0,0,0,0,0,0,0,0,0,0,0,0,0,0,0,0,0,0,0,22,0,0,0,0,0,0,0,0,0,0,0,0,0,0,0,0,0,0,0,0,0,0,0,0,0,0,0,0,0,0,0,0,0,0,0,0,0,0,0,0,0,0,0,0,0,0,0,0,0,0,29,0,0,0,0,0,0,0,0,19,0,0,0,12,0,0,0,0,0,0,0,0,0,0,0,0,0,0,0,0,0,0,0,0,0,0,0,0,0,0,0
"VanD-type regulator",76,0,0,0,0,0,0,0,0,0,0,0,91,0,0,0,131,0,0,0,0,220,37,0,0,22,0,67,0,0,0,0,0,0,0,0,154,0,0,0,0,0,0,222,0,0,0,89,0,0,0,0,0,0,0,0,60,0,0,0,0,0,0,0,0,0,132,0,0,0,0,0,0,0,0,0,0,0,0,0,0,0,0,0,0,0,0,0,0,0,0,0,0,0,0,51,0,0,0,0,0,0,27,0,0,0,0,0,0,0,0,0,0,0,0,0,0,0,310,0,47,0,0,0,0,0,0,0,0,0,130,0,107,0,0,0,0,365,234,0,0,0,0,0,0,0,0,0,49,0,0,0,0,0,0,204,0,0,0,0,0,0,0,0,171,0,0,0,0,0,0,0,0,0,0,0,0,0,0,0,0,0,0,224,130,0,0,0,0,0,0,0,0,0,0,0,0,0,0,0,0,0,0,0,0,0,0,156,48,0,80,0,0,237,0,0
"VanB-type accessory protein",0,0,0,0,0,0,0,0,0,0,0,0,0,0,0,0,0,0,0,0,0,0,0,0,0,0,0,0,0,0,0,0,0,0,0,0,0,0,0,0,0,0,0,0,0,0,0,0,0,0,0,172,0,0,0,0,0,0,0,0,0,0,0,0,0,0,0,0,0,0,0,0,0,0,0,0,0,0,0,0,0,0,0,0,0,0,0,0,0,0,0,0,0,0,0,3791,0,0,0,0,0,0,0,0,0,0,0,0,0,0,0,0,0,0,0,0,0,0,0,0,0,0,0,0,0,0,0,0,0,0,0,0,0,0,0,0,0,0,0,0,0,0,0,0,0,0,0,0,0,0,0,0,0,0,0,0,0,0,0,0,0,0,0,0,0,0,0,0,0,0,0,0,0,0,0,0,0,0,0,0,0,0,0,0,38,0,0,0,21,0,0,0,0,0,0,0,0,0,0,0,0,0,0,0,0,0,0,0,0,0,0,0,0,0,0,0
"VanG-type accessory protein",0,0,0,0,0,0,0,0,0,50,0,0,0,0,0,0,0,0,0,0,0,0,0,0,0,0,0,0,0,0,0,0,0,0,0,0,0,0,0,0,0,0,0,0,0,0,0,0,0,0,0,0,29,0,0,0,0,0,0,20,0,0,0,0,0,114,0,0,0,0,0,0,0,0,0,0,0,0,0,0,0,0,0,0,0,0,0,0,0,0,0,0,0,35,0,0,0,0,0,0,0,47,0,0,0,0,0,0,0,0,0,0,0,0,0,0,0,0,0,0,0,0,0,0,0,0,0,0,0,0,0,0,0,0,0,0,0,0,0,0,0,0,0,0,0,0,0,0,0,0,0,0,0,0,0,0,0,0,0,38,0,15,0,0,0,0,0,0,0,0,0,0,0,0,0,0,0,0,0,0,0,0,0,0,0,0,0,0,0,0,0,0,0,0,0,0,0,0,0,0,0,0,0,0,0,0,0,0,0,0,0,0,0,0,0,0
"VanD-type accessory protein",0,0,0,0,0,0,0,14,0,0,0,0,0,0,0,0,0,0,0,0,0,68,0,0,0,0,0,0,0,0,0,0,0,0,0,0,65,0,0,0,0,0,0,47,0,0,0,21,0,0,0,183,0,0,0,0,0,0,0,0,0,0,0,0,0,0,0,0,0,0,0,0,0,0,0,0,0,0,0,0,0,0,0,0,0,0,0,0,0,0,0,0,0,0,0,4548,0,0,0,0,0,0,0,0,0,0,0,0,0,0,0,0,0,0,0,0,0,0,89,0,0,0,0,0,39,0,0,0,0,0,27,0,20,0,0,0,0,0,0,0,0,0,0,0,0,0,0,0,0,0,0,18,0,0,0,74,0,0,0,0,0,0,25,0,0,0,0,0,0,0,0,0,0,0,0,50,0,0,0,0,0,0,0,0,0,0,0,0,25,0,0,0,0,0,0,0,0,0,0,0,0,0,0,0,0,0,0,56,0,0,0,0,0,42,0,0
"Streptogramin A O-acetyltransferase",0,12,280,116,0,0,5,0,0,0,25,0,0,300,0,21,0,127,161,348,0,0,0,0,588,1445,16,0,0,0,0,0,392,21,371,0,0,387,0,0,25,24,62,0,0,0,0,4,17,0,0,0,51,0,272,0,0,0,426,0,44,0,0,0,93,0,0,42,28,14,0,28,60,116,23,0,12,18,37,0,34,0,342,0,19,148,245,318,49,85,87,99,0,44,230,0,143,16,1999,0,14,0,0,71,109,31,0,11,509,0,0,0,0,35,13,134,0,95,0,12,0,0,0,14,30,64,0,16,0,279,0,44,0,0,0,90,585,49,0,49,48,0,0,0,3149,0,456,299,0,0,0,20,0,0,72,0,0,0,16,0,0,267,0,0,0,0,84,67,22,41,83,83,10,12,0,64,0,166,63,0,0,0,350,0,0,1064,0,0,209,251,1676,94,0,0,34,63,0,0,0,94,0,0,95,101,0,0,0,0,26,25,0,73,0,0,135,0
"Iron resistance protein",0,0,0,0,0,0,0,0,0,0,0,0,273,0,0,0,0,0,0,0,0,0,168,0,0,0,0,0,0,0,0,0,0,0,0,0,1461,0,0,0,0,0,0,0,0,0,0,0,0,0,0,0,0,0,0,0,762,0,0,0,0,0,0,0,0,0,795,0,0,0,593,0,0,0,0,0,0,0,0,0,0,0,0,0,0,0,0,0,0,0,0,0,0,0,0,0,0,0,0,0,0,0,0,0,0,0,0,0,0,0,0,0,0,0,0,0,0,0,0,0,0,0,0,0,0,0,0,0,0,0,0,0,439,0,0,0,0,0,0,0,0,0,0,0,0,0,0,0,0,0,0,0,0,0,0,0,0,0,0,0,0,0,0,0,0,0,0,0,0,0,0,0,0,0,997,0,482,0,0,0,0,0,0,0,998,0,0,0,0,391,0,0,0,0,0,0,365,0,0,0,0,0,0,0,0,0,0,0,0,0,0,0,0,782,0,0
"Multi-biocide resistance protein",1285,125,0,0,0,0,0,112,0,0,0,0,1573,0,0,0,74,0,0,0,0,647,164,0,148,0,97,936,0,278,63,102,0,0,0,0,904,201,0,0,0,0,0,0,0,84,0,799,71,46,106,654,0,0,0,122,942,0,0,0,0,0,0,0,0,0,350,0,0,0,224,0,0,0,0,0,0,116,98,0,0,0,0,0,0,0,0,0,224,0,0,46,0,0,0,698,155,0,0,0,0,192,240,185,72,0,129,0,0,0,0,0,46,82,96,128,767,0,667,0,0,0,0,100,0,0,0,0,413,0,439,109,278,151,86,0,0,2006,266,0,0,0,0,0,0,0,0,0,225,0,630,0,0,0,0,259,148,0,0,185,0,0,0,147,368,0,0,0,0,0,52,0,0,0,1942,159,266,0,4595,0,0,0,0,1295,635,346,0,0,0,122,155,0,795,0,121,0,116,0,0,102,0,502,0,0,0,0,0,560,0,37,790,0,0,571,0,0
"Zinc resistance protein",2386,176,0,68,0,0,21,170,0,29,0,0,2622,0,44,0,56,0,97,0,0,1160,229,0,240,0,0,1654,0,414,0,95,0,0,0,0,1662,307,25,0,0,0,0,0,0,49,0,1212,21,149,24,1292,0,0,0,138,1616,0,0,0,0,0,0,0,0,45,423,0,0,0,274,32,0,0,0,0,0,139,81,0,0,0,0,0,0,0,0,0,241,0,0,0,0,0,0,1171,251,0,0,0,0,254,162,399,98,0,166,0,0,0,0,0,0,44,103,148,1190,0,1152,0,11,0,0,143,0,0,64,0,783,0,893,130,444,216,0,0,0,3588,449,0,0,0,0,0,0,0,0,0,479,0,989,0,0,0,0,389,243,0,0,243,0,0,0,213,578,0,0,0,0,0,33,100,0,0,3314,231,487,0,7595,0,0,0,0,2138,794,799,0,0,0,180,268,0,1565,0,136,0,112,0,0,59,0,708,0,0,0,0,0,946,0,0,1758,0,0,1092,0,0
"Zinc resistance regulator",2043,204,92,67,0,0,6,200,0,92,0,0,2260,0,31,0,16,0,122,0,0,1164,410,0,214,0,76,1457,0,475,0,127,0,0,0,0,1612,296,11,0,0,0,0,0,0,0,0,1106,76,81,17,1178,0,0,104,139,1458,0,0,0,0,0,0,0,0,10,579,0,0,0,1082,0,14,0,0,0,0,123,110,0,0,0,0,0,0,0,0,0,252,0,0,5,0,0,0,1275,259,0,0,22,0,296,270,377,107,0,245,0,0,0,64,0,0,47,79,131,1150,0,1120,0,4,0,0,119,0,0,112,0,729,0,750,115,333,222,5,0,0,3455,487,0,0,0,0,0,48,0,0,0,469,0,817,0,0,0,0,309,222,0,0,254,0,0,0,177,285,0,0,0,0,0,0,96,0,0,2789,191,462,0,7387,0,0,0,0,2127,875,572,0,0,0,196,266,0,1282,0,108,0,155,0,0,190,0,739,0,0,0,0,0,973,0,82,1322,0,0,1018,0,0
