"Phylum","NPB_F16_4_H3_S90","NPB_F10_8_D7_S22","NPB_F9_3_C5_S5","NPB_F1_8_H2_S8","NPB_F17_6_F5_S59","NPB_F1_6_F2_S6","NPB_F9_4_D5_S6","NPB_F18_12_H7_S77","NPB_F8_2_F12_S39","NPB_F6_12_H10_S25","NPB_F5_7_G8_S8","NPB_F13_10_B12_S60","NPB_F18_6_B7_S71","NPB_F4_6_B7_S42","NPB_F11_12_D9_S38","NPB_F6_9_E10_S22","NPB_F3_11_C6_S35","NPB_F13_6_F11_S56","NPB_F13_12_D12_S62","NPB_F8_12_H4_S2","NPB_F14_12_H1_S74","NPB_F6_6_B10_S19","NPB_F1_7_G2_S7","NPB_F16_10_F4_S51","NPB_F10_1_E6_S15","NPB_F1_2_B2_S2","NPB_F5_4_D8_S5","NPB_F12_4_H9_S42","NPB_F12_1_E9_S39","NPB_F12_12_H10_S50","NPB_F10_3_G6_S17","NPB_F17_8_H5_S61","NPB_F2_1_E3_S13","NPB_F8_6_B4_S43","NPB_F4_12_H7_S1","NPB_F9_2_B5_S4","NPB_F8_9_E4_S46","NPB_F5_1_A8_S2","NPB_F18_5_A7_S70","NPB_F2_11_G4_S23","NPB_F7_7_G11_S32","NPB_F13_4_D11_S54","NPB_F1_9_A3_S9","NPB_F7_9_A12_S34","NPB_F9_11_C6_S13","NPB_F10_11_G7_S25","NPB_F4_5_A7_S41","NPB_F6_3_G9_S16","NPB_F15_12_D3_S86","NPB_F7_8_H11_S33","NPB_F18_11_G7_S76","NPB_F8_5_A4_S42","NPB_F1_3_C2_S3","NPB_F18_7_C7_S72","NPB_F16_5_A4_S91","NPB_F6_7_C10_S20","NPB_F15_9_A3_S83","NPB_F14_2_F12_S64","NPB_F4_9_E7_S45","NPB_F11_4_D8_S30","NPB_F16_3_G3_S89","NPB_F7_11_C12_S36","NPB_F11_1_A8_S27","NPB_F8_11_G4_S1","NPB_F3_12_D6_S36","NPB_F6_11_G10_S24","NPB_F18_1_E6_S66","NPB_F3_1_A5_S25","NPB_F16_1_E3_S87","NPB_F5_6_F8_S7","NPB_F4_1_E6_S37","NPB_F3_9_A6_S33","NPB_F10_5_A7_S19","NPB_F15_3_C2_S77","NPB_F1_12_D3_S12","NPB_F6_5_A10_S18","NPB_F9_8_H5_S10","NPB_F16_9_E4_S50","NPB_F7_5_E11_S30","NPB_F6_10_F10_S23","NPB_F14_10_F1_S72","NPB_F12_7_C10_S45","NPB_F8_10_F4_S47","NPB_F13_9_A12_S59","NPB_F8_8_D4_S45","NPB_F7_2_B11_S27","NPB_F17_2_B5_S55","NPB_F18_10_F7_S75","NPB_F10_4_H6_S18","NPB_F1_5_E2_S5","NPB_F2_12_H4_S24","NPB_F4_10_F7_S46","NPB_F14_9_E1_S71","NPB_F7_10_B12_S35","NPB_F3_4_D5_S28","NPB_F3_7_G5_S31","NPB_F15_8_H2_S82","NPB_F14_4_H12_S66","NPB_F12_9_E10_S47","NPB_F7_1_A11_S26","NPB_F12_8_D10_S46","NPB_F2_9_E4_S21","NPB_F18_3_G6_S68","NPB_F1_11_C3_S11","NPB_F10_6_B7_S20","NPB_F2_3_G3_S15","NPB_F11_6_F8_S32","NPB_F12_2_F9_S40","NPB_F4_11_G7_S47","NPB_F6_2_F9_S15","NPB_F12_6_B10_S44","NPB_F5_10_B9_S11","NPB_F9_12_D6_S14","NPB_F13_5_E11_S55","NPB_F16_6_B4_S92","NPB_F18_4_H6_S69","NPB_F1_10_B3_S10","NPB_F2_6_B4_S18","NPB_F14_7_C1_S69","NPB_F5_3_C8_S4","NPB_F14_8_D1_S70","NPB_F17_12_D6_S65","NPB_F7_12_D12_S37","NPB_F17_7_G5_S60","NPB_F11_7_G8_S33","NPB_F5_9_A9_S10","NPB_F18_9_E7_S74","NPB_F16_11_G4_S52","NPB_F5_11_C9_S12","NPB_F3_8_H5_S32","NPB_F3_10_B6_S34","NPB_F16_8_D4_S49","NPB_F7_3_C11_S28","NPB_F1_4_D2_S4","NPB_F5_2_B8_S3","NPB_F8_7_C4_S44","NPB_F11_11_C9_S37","NPB_F15_11_C3_S85","NPB_F1_1_A2_S1","NPB_F15_2_B2_S76","NPB_F12_10_F10_S48","NPB_F9_10_B6_S12","NPB_F3_6_F5_S30","NPB_F10_10_F7_S24","NPB_F10_2_F6_S16","NPB_F15_1_A2_S75","NPB_F9_6_F5_S8","NPB_F15_6_F2_S80","NPB_F2_8_D4_S20","NPB_F11_10_B9_S36","NPB_F8_1_E12_S38","NPB_F15_7_G2_S81","NPB_F13_7_G11_S57","NPB_F7_6_F11_S31","NPB_F17_4_D5_S57","NPB_F12_3_G9_S41","NPB_F6_8_D10_S21","NPB_F9_7_G5_S9","NPB_F11_2_B8_S28","NPB_F12_11_G10_S49","NPB_F9_5_E5_S7","NPB_F4_3_G6_S39","NPB_F8_4_H12_S41","NPB_F2_10_F4_S22","NPB_F16_2_F3_S88","NPB_F6_1_E9_S14","NPB_F4_4_H6_S40","NPB_F8_3_G12_S40","NPB_F18_2_F6_S67","NPB_F5_8_H8_S9","NPB_F10_7_C7_S21","NPB_F11_8_H8_S34","NPB_F2_7_C4_S19","NPB_F14_6_B1_S68","NPB_F17_10_B6_S63","NPB_F14_3_G12_S65","NPB_F9_1_A5_S3","NPB_F12_5_A10_S43","NPB_F4_7_C7_S43","NPB_F5_12_D9_S13","NPB_F4_8_D7_S44","NPB_F15_5_E2_S79","NPB_F4_2_F6_S38","NPB_F14_5_A1_S67","NPB_F17_5_E5_S58","NPB_F3_3_C5_S27","NPB_F2_4_H3_S16","NPB_F14_11_G1_S73","NPB_F7_4_D11_S29","NPB_F5_5_E8_S6","NPB_F13_2_B11_S52","NPB_F15_10_B3_S84","NPB_F13_3_C11_S53","NPB_F10_9_E7_S23","NPB_F16_7_C4_S48","NPB_F14_1_E12_S63","NPB_F3_2_B5_S26","NPB_F16_12_H4_S53","NPB_F2_5_A4_S17","NPB_F13_11_C12_S61","NPB_F18_8_D7_S73","NPB_F2_2_F3_S14","NPB_F17_1_A5_S54","NPB_F17_11_C6_S64","NPB_F11_5_E8_S31","NPB_F11_3_C8_S29","NPB_F13_8_H11_S58","NPB_F13_1_A11_S51","NPB_F9_9_A6_S11","NPB_F11_9_A9_S35","NPB_F6_4_H9_S17","NPB_F17_3_C5_S56","NPB_F3_5_E5_S29","NPB_F10_12_H7_S26","NPB_F15_4_D2_S78","NPB_F17_9_A6_S62"
"Candidatus Korarchaeota",33,24,7,23,4,4,19,0,0,27,5,56,5,11,22,4,24,48,47,14,50,85,2,13,32,7,21,28,20,57,31,3,20,28,10,42,24,11,13,3,12,57,9,12,27,83,25,12,67,7,8,42,22,24,15,10,64,51,29,11,52,12,22,10,0,18,13,53,32,34,16,12,77,40,7,18,8,5,9,14,44,52,9,55,22,9,11,19,39,6,5,17,38,12,8,9,53,48,3,15,40,3,88,14,21,5,19,28,19,32,58,6,52,68,14,10,2,20,33,23,29,6,7,186,12,16,1,37,21,8,10,6,14,11,14,7,22,64,21,50,22,21,2,46,0,26,51,25,8,13,59,55,47,9,3,43,17,24,27,68,33,29,3,6,8,18,10,32,12,13,43,20,5,29,27,43,25,21,18,17,18,42,7,39,14,3,8,11,13,14,52,41,79,22,76,46,1,4,22,91,21,35,1,12,12,26,44,24,19,28,5,0,6,27,40,51
"Candidatus Micrarchaeota",45,86,33,60,1,115,88,9826,0,39,142314,20,25,31,85,171672,64,50,16,33,42,187961,22,20,322,402,51,87,46,123,47,23,302,59,203325,162,24,23,2,128,20,27,119,25,24,42,169,38,31,117,296,56,43,5,95,37,34,36,65,93,41,21,76,86,374614,249538,15,64,275,193432,156,63,34,121,43,32,17,63,43,58,78,168,17,59,110,81,126,6,29,238,20,23,8,11,49,46,26,73,627337,94,34,41,208,58,36,26,185689,96,38,102446,45,34,40,38,62,29,48,82930,41,24,41,1,24,7,88,39,6,14,34,53,68,45,46,80,310326,50,61,32,989,53,183,168,71,27,0,20,92,45,33,54,72,30,41,23,5,38,28,67,39,30,32,52,8,126492,134,31,67,62,140,49,154,56,34,175,17,48,62,68,52,49,46,85,29,57,382,17,121,69,21,10,44,209,51,53,9,46,28,13,52,22,19,114,16,7,80,50,13,54,132,43,74,16,49,28,81,53
"Crenarchaeota",2913,3410,3297,3578,1110,2677,2770,185,30,2781,1171,3304,2216,3003,2626,2447,1971,3660,3000,2118,2970,2764,2480,2044,3837,3161,1887,2290,3598,3798,3025,2283,3282,2278,2121,4071,2767,2225,1986,2814,2221,2997,2384,1984,2964,3628,3482,1864,3394,2185,3368,3037,2547,2007,4227,2180,4422,4126,2962,2322,2520,2093,3178,3011,2120,2882,2027,2191,2516,2163,3111,3258,3986,4187,2548,2541,785,1361,3297,2691,2843,3918,2340,3608,2309,3232,1816,2886,3257,6405,1626,2678,3102,2157,1673,1988,2936,3778,2777,2931,2720,2027,3133,2333,3991,2025,2685,3787,3209,2113,3413,2978,3823,3647,1651,1456,2454,2078,3436,2006,2630,1813,2317,1734,2986,2170,1915,2720,2645,2568,2864,1905,2117,1971,2265,2149,4561,4526,3169,2796,3979,3692,2237,3064,3,2831,3256,3520,1636,2553,6659,2593,3373,4001,1338,3227,1979,2789,3138,3296,3075,2128,129,1626,1374,2465,2975,2650,1366,1952,3653,2542,1665,4510,1617,3048,4244,2674,3047,2477,2717,3626,2833,4010,2520,1802,2301,3011,2742,2314,3616,3165,3739,3414,2122,2773,2074,2065,1707,4046,2857,2831,1916,1702,3853,3011,2876,2338,3484,1953,2111,515,2097,3359,3087,1591
"Euryarchaeota",680978,109021,202311,616752,440098,123022,293554,2484,1011,106603,43105,165782,436062,76058,218806,43146,171810,134693,135117,154573,159344,42287,140018,383366,150339,898267,82042,95781,137780,245753,81517,343333,208869,79533,40121,298865,152058,63731,303477,726735,112359,115750,314764,87116,102601,214959,80955,74129,144123,81411,597849,100155,144331,408049,240047,118943,135585,127266,127856,141874,451004,143904,200234,159195,31170,39357,222846,331330,720290,31411,151803,348714,138203,239587,467729,84119,66856,502421,218952,119810,98693,328368,75261,137701,191681,193318,465373,448046,219780,1065491,142107,100075,142978,105671,309196,380829,164635,156843,42431,138819,133935,157299,434298,300290,454433,131921,45584,155430,207390,35824,224725,68330,320722,150506,387069,499962,304378,30996,183571,63367,116935,360001,69048,577406,145408,64034,431061,303062,66150,686347,215572,445645,110913,222910,27298,104851,168883,283816,1482717,125530,206697,217148,468059,128724,117,155299,237159,147012,99889,110453,542136,209722,129678,294963,430659,225765,83070,162816,128348,183254,123044,65792,11591,33697,518046,67439,147671,142093,464901,40055,163131,100684,130320,238432,863151,110540,117109,145769,120723,51165,92495,270468,96063,113846,828935,210223,379746,110580,190949,80105,234887,141644,137183,162129,580184,90521,178015,415820,226410,153886,486606,457947,342340,515116,175629,197867,113051,83365,121972,106775,78710,386160,443851,130697,143951,434118
"Thaumarchaeota",1301,1722,1665,2065,504,1891,2578,42,15,1343,512,2832,1625,1773,1432,1263,1104,2010,2877,1291,1910,1233,1488,683,2146,1336,1132,1560,2653,2394,1943,1205,2043,1145,913,2906,2013,1154,1238,1361,1236,2098,1111,1720,1604,2469,2240,987,2365,955,1043,1914,1656,1679,858,1280,3081,3566,2175,1656,1654,1408,2075,2081,1104,1387,681,1190,1196,1084,1667,1825,2873,2569,2208,1256,442,442,2141,1723,1894,2588,1526,2976,1491,2276,802,1253,2995,3507,899,1509,3056,2495,1204,1444,2616,2116,1037,1883,2874,1105,1994,1524,2459,1059,1262,2344,1933,911,2067,1808,2376,2079,925,668,1429,1354,2754,1337,1640,830,1111,860,2159,1628,1272,1368,1964,2050,1577,673,1230,971,1507,1417,2625,2619,2099,1833,3567,2603,1302,2948,2,2248,1693,2512,979,1622,4091,1661,2094,2387,1085,1799,1076,1465,1643,1701,1806,1180,62,977,1121,1639,1891,1386,653,1260,2177,1600,744,2639,919,1570,3607,1671,1767,1533,1541,2239,1687,2552,438,829,1756,1714,1487,1119,2333,2664,2391,3154,1628,1535,1282,1385,1063,2104,2063,1983,369,1629,2307,1582,2487,1488,2730,1320,1178,187,1275,2332,2065,936
"Acidobacteria",11348,8844,9346,13553,5986,10234,9255,219,115,8921,3788,10301,6991,9068,6026,5885,8051,8758,9327,6278,7884,10321,8780,8623,12233,13272,5478,6735,10164,10379,9730,9292,11935,6592,6198,13958,9426,7270,5792,10681,7042,8071,8924,6983,9750,9933,8635,7008,9415,6275,16626,6934,10691,7239,10927,7789,9525,13923,10272,7097,6616,8595,11218,8554,9065,8648,5239,9156,8481,6624,10411,12504,9286,10675,10944,6544,3148,6637,8238,8842,7927,11283,6540,11191,7846,12067,8989,11705,10235,17124,6160,8423,9021,7460,6970,9859,7931,12470,5437,8990,10473,7232,12497,9184,9590,7213,6669,11211,9288,5126,9818,6720,12656,9193,7962,7268,10746,6089,9054,7407,7964,4400,7872,12091,9744,5292,9419,17014,8497,11675,9007,11491,7283,7295,5954,6312,10710,10076,11099,8901,12838,11379,10647,10251,4,9070,10575,10058,8349,8722,16855,5601,10820,8851,3739,9005,7255,8189,9339,8779,9219,7553,358,6367,5460,7440,9317,7334,7149,6403,10753,7078,6854,11647,10623,9939,12337,7669,8920,6589,7054,9195,8129,9868,10091,6039,8684,10177,7997,4623,10176,8809,9089,11660,7424,9341,9331,8821,6348,9384,12202,9270,5845,6820,9016,10748,7327,5053,8297,5565,7197,3013,10309,8944,8266,10216
"Actinobacteria",2315771,577218,577793,1349055,777713,975663,501002,151365,6740,596738,261662,526786,643928,561504,375771,414587,634208,511855,508320,453999,380202,552474,660817,1316322,672886,1083617,357202,416296,479849,587568,637888,643921,1383333,415299,430744,823266,659154,501413,410445,1198103,469510,452049,813724,547884,719378,613651,513246,481919,446295,426578,1440558,553095,1011769,1329502,869195,516500,548486,670248,594952,430232,561084,585164,724353,564607,855366,530476,1083947,764532,964671,423495,578583,1252954,589318,562903,902217,541728,235778,1636896,543304,558775,444261,837345,566496,579019,607460,687801,1028600,1238092,520745,1923312,690760,528262,431398,455350,579539,1113732,400124,601475,1431155,511769,560015,571079,1293132,803333,543441,651564,490168,644550,640268,305611,621242,507860,711528,503121,1151243,436121,970873,583800,453044,536990,430546,353304,573836,880642,570605,394328,2276784,998336,564099,1277002,919822,626419,542877,581040,585734,400752,600218,550954,1118055,489214,807128,831489,1135311,559202,426,558610,644775,573451,840548,599314,1075103,361557,574357,643674,768763,582161,529769,591406,803864,648738,654057,518440,26255,807858,687716,445799,585480,411616,1002468,507482,695556,495600,611595,726698,536300,527253,674213,543952,583775,501524,453156,522693,545504,503325,1441230,472959,597726,667801,538771,391354,509342,431991,508293,688918,1234481,472794,757148,693638,561485,521267,1238187,794705,444698,932893,579568,871447,376425,298207,532771,346003,502322,210627,1071039,652617,459602,748857
"Aquificae",1983,3603,3642,4730,1252,3684,3621,29,46,3435,1203,3693,2166,4467,2985,2842,2165,3968,4006,2155,4020,3384,3095,1805,4670,3332,1941,3254,4210,5036,3613,2296,5108,2701,1956,5586,3808,2680,2293,3621,2671,3398,3088,2843,3550,3684,4810,2225,4025,2372,2560,3428,4089,2605,1700,2444,4757,4374,3559,3360,2767,2624,3712,3246,2593,3463,922,2647,2464,2642,3455,3437,4419,4773,3215,2734,1067,1084,4290,3469,3527,5214,2858,4437,3073,4064,1778,2619,3656,7102,1993,2944,4065,2990,2004,2317,3482,4418,2643,3452,3566,2427,3691,2448,4180,2801,2767,4422,3718,2284,4351,2600,5697,3555,1569,1461,2675,2620,4087,2372,3497,1095,2576,2378,3730,2403,2170,3124,2817,3192,2994,2567,2308,2358,2338,2731,4137,4964,4253,3715,5699,4748,2944,3545,2,3239,4166,4621,2611,2827,6703,2899,3782,5180,1292,3506,2221,3022,3491,3781,3494,2235,146,2299,1839,3058,3288,3034,1175,1797,4023,3056,2057,5464,1582,4122,5070,3192,3600,2456,3279,5261,2952,4827,1379,2136,2854,3947,2769,1893,4022,4444,3822,4029,2868,3983,2388,2513,1945,3899,3751,3035,1620,2215,4446,3537,3371,2379,5189,2511,2590,540,2710,3842,4392,1872
"Armatimonadetes",2531,1868,2149,3335,1878,2662,2099,32,17,2106,973,2376,1747,2052,1638,1439,2254,1964,2148,1451,1659,2066,2630,2518,3075,3328,1069,1724,2014,2728,2058,2555,3094,1772,1194,3610,2319,1459,1382,2720,1665,2012,2593,1604,2131,2650,2741,1432,2372,1538,4130,1941,3055,1826,2897,1952,2438,3349,2023,1762,1875,2416,2704,2157,2278,1974,1243,2316,3494,1599,2403,4229,2404,2586,3512,1590,806,2324,2512,2140,1777,3047,1786,2539,1972,2643,3241,3371,2551,5671,1476,1915,2016,1529,2161,3079,1812,2806,1258,2035,2736,2283,3360,2918,2465,1986,1498,2432,2486,1309,2459,1613,2940,2045,1773,2023,3316,1874,2145,1804,1939,1272,1582,3727,2253,1414,2774,4589,2200,3987,2232,3527,1689,1814,1532,1685,2514,2615,2965,2240,3255,2763,3002,2455,1,2178,2708,2574,2651,2094,4166,1389,2442,1980,584,2223,1753,1942,2001,1955,2179,1740,93,1827,1835,1613,2078,1736,1559,1420,2593,1841,1596,2799,3831,2432,3095,2057,2306,1653,1744,2373,2016,2416,2102,1572,2347,2583,1876,1206,2703,2018,2012,2844,3118,2344,2916,2874,1908,1981,2571,2835,1721,2013,2713,2766,1769,1272,2027,1471,1561,1484,3056,2212,1931,3257
"Bacteroidetes",1815463,1402599,1609737,1489781,1942681,1648949,870311,11795,22705,1104105,360166,882402,2522410,2009910,938578,1403360,644278,980186,972474,951766,640133,2391758,708550,3785570,1828849,851061,1004966,1184408,1899966,1985758,1545096,3303474,692162,1359469,1609594,1706230,1194829,1000133,4622650,598475,1014580,766991,778457,658800,1316557,1151756,1750222,1465815,956421,1076824,1037764,1142160,1557684,3580555,2263435,1094786,1010598,1005070,1538437,1381638,1963026,998339,1642778,1253958,1970819,1763201,2378302,1028312,1697581,1367448,1495414,1111373,1644059,1409646,1108681,1071557,526766,4156879,1167893,1313079,644362,1370008,761063,824534,896133,1550567,2351653,3094292,1234088,1624260,1084660,1835354,812056,1090546,975306,769372,972397,1013061,1148159,1348757,1380551,794503,652843,815224,1205253,637698,1146700,2099128,1411625,1240553,1631460,923443,2279510,729219,2697585,5259079,855360,1140704,894083,1047756,1042355,1421283,1237950,2253273,1240274,723975,860681,3677400,1087185,992119,747803,1515991,773120,1315394,925105,1016863,1259601,1429021,1474045,1204929,1467166,1474090,633537,1201121,1167,1079969,1689043,1207473,422570,1233466,2333632,752841,900941,797429,894309,1299582,970275,888623,1658906,1674713,1333255,1380128,45449,925580,917746,1154235,1360518,1053666,1671698,812227,1379892,1528049,652015,1169161,3309790,851280,1405724,1211203,1751200,1024450,1570680,976578,1360935,902796,1515713,866120,1021378,873699,946790,734662,1073869,1098586,1060540,1353131,3136383,1021046,1319589,2355915,1011470,736585,1939976,848380,1491511,4401210,939315,1580420,670775,540454,1189887,844133,953645,1713433,608080,1070741,1145387,3514392
"Caldiserica",231,348,238,649,82,590,643,4,1,258,102,882,139,254,261,254,274,450,708,157,335,244,327,54,413,298,181,374,615,511,308,104,809,238,135,506,419,236,110,410,229,511,330,471,207,503,539,127,535,185,165,372,408,71,69,160,718,918,487,372,344,224,399,450,336,251,90,209,111,264,302,342,720,456,372,301,91,91,487,335,427,525,208,866,170,484,68,159,743,703,207,265,768,810,223,225,768,496,321,386,806,340,283,381,466,391,302,497,339,159,545,201,498,530,133,29,284,297,578,186,339,31,187,122,543,219,71,156,255,404,284,155,255,224,206,291,506,559,417,336,857,578,361,825,0,483,384,600,314,318,758,347,434,353,37,346,192,243,460,343,335,173,12,283,129,319,389,346,76,133,318,249,344,632,47,333,786,226,283,202,251,426,349,556,79,229,370,367,309,182,521,551,516,872,62,360,219,150,150,503,189,313,77,152,515,280,630,286,440,345,159,29,267,376,293,26
"Calditrichaeota",647,655,907,1396,436,512,674,12,2,870,307,831,629,572,442,469,516,775,779,457,576,900,785,830,1094,736,492,653,1078,1144,818,507,834,495,420,1051,852,826,720,635,444,709,609,547,717,785,1271,517,993,649,970,637,909,659,725,490,1015,921,676,745,772,486,1067,757,354,721,220,683,1542,564,1002,933,868,748,827,556,253,589,1066,929,610,937,361,788,598,1076,827,833,520,1178,470,657,595,587,660,650,623,844,329,1049,761,473,614,785,615,480,474,988,704,396,1024,441,1308,725,356,576,642,461,674,587,898,793,364,1853,990,417,797,1433,653,839,663,1295,485,498,401,624,1134,874,783,685,988,1137,631,605,0,783,1130,876,535,624,2292,563,815,622,285,678,490,477,783,833,685,466,40,401,702,823,852,698,527,385,977,696,355,786,1561,889,1266,718,659,425,888,959,751,850,767,434,797,757,528,507,1091,771,822,707,1366,739,601,818,469,712,1580,735,922,503,1026,915,604,506,671,503,435,630,580,891,836,1132
"Candidatus Bipolaricaulota",235,175,193,233,209,206,245,0,3,343,92,449,208,240,141,121,138,258,426,102,189,203,234,497,257,254,74,152,195,322,363,134,213,210,122,285,244,148,138,492,184,276,158,277,193,198,227,127,283,114,414,173,408,299,241,162,315,536,372,154,422,202,259,287,117,225,146,491,909,175,301,259,336,344,307,163,72,601,286,264,155,288,106,549,173,371,609,285,253,269,93,154,427,197,153,187,277,232,145,178,299,106,294,117,333,85,134,238,223,96,393,160,543,260,192,188,164,103,170,174,160,226,123,1037,238,156,447,573,302,285,183,245,194,126,214,181,375,361,185,288,305,292,217,267,0,319,402,407,110,187,406,235,356,245,105,179,204,162,214,239,244,236,1,115,462,191,165,201,357,129,391,150,122,241,851,175,319,142,254,110,165,370,214,200,233,101,141,341,237,105,350,443,424,595,827,210,302,422,75,319,356,180,329,217,259,301,423,193,261,133,141,354,210,212,268,545
"Candidatus Cloacimonetes",199,248,403,576,78,274,630,9,2,269,179,251,141,386,342,234,348,413,558,173,228,288,272,88,764,599,142,341,484,595,271,91,523,254,157,630,285,400,52,437,214,394,327,244,336,293,642,190,300,211,185,256,302,70,64,234,510,423,339,319,205,191,413,262,297,409,148,396,185,242,398,566,387,502,421,268,87,108,401,403,266,725,189,415,290,354,111,135,564,697,103,256,268,245,238,416,446,328,208,322,581,280,92,332,394,305,332,417,266,217,431,254,531,321,100,44,268,240,354,165,369,60,256,139,417,197,54,158,358,521,389,103,248,233,205,191,728,403,619,267,845,531,311,306,0,363,287,318,234,241,661,220,478,545,56,366,160,333,264,382,305,208,5,275,40,300,247,251,120,139,376,325,191,660,101,327,637,390,405,206,247,348,258,451,62,272,270,409,273,147,317,485,468,307,106,295,310,106,178,314,111,310,104,59,522,329,292,353,659,239,291,20,277,662,446,38
"Candidatus Gracilibacteria",75,154,114,166,32,94,83,12,1,64,30,156,158,130,75,73,160,218,137,64,108,126,84,77,131,171,70,56,58,97,126,163,187,89,55,106,115,51,185,132,76,210,129,94,91,146,74,60,175,81,269,167,189,228,79,69,168,159,137,117,116,60,162,114,63,100,75,79,137,64,80,85,218,197,136,68,37,26,119,83,126,125,98,201,66,148,88,138,126,366,66,88,125,60,82,91,174,146,109,61,134,127,321,42,148,104,115,133,151,62,139,98,123,208,147,77,99,96,163,52,135,128,69,78,100,44,178,135,50,110,102,11,92,66,74,104,92,152,277,172,132,108,146,122,0,88,213,172,101,80,198,98,145,120,147,76,84,76,98,98,120,93,5,87,165,106,99,71,61,36,146,93,56,197,117,181,218,88,89,87,102,201,109,200,34,69,51,145,131,61,149,117,172,136,188,157,53,190,62,177,198,87,47,203,120,150,146,114,97,53,66,34,148,100,120,119
"Candidatus Saccharibacteria",540,885,1177,12529,224,769,547,31,7,541,764,984,696,1016,404,844,3923,970,553,503,553,786,5283,261,974,1708,1404,571,1240,976,766,559,1540,432,786,851,1020,944,788,963,876,931,586,916,650,766,1263,914,642,658,545,1479,7336,1889,500,711,1009,808,1216,1059,475,934,1343,846,386,758,262,768,331,542,1726,1002,1151,1417,1143,728,457,446,782,1043,634,1126,779,854,838,916,663,599,667,1234,290,1617,678,931,526,773,483,960,1193,1639,704,626,611,695,555,459,670,875,1182,450,808,1213,1144,673,646,193,1038,646,881,762,640,200,977,837,1007,858,543,1150,1616,3179,2206,743,626,1699,919,819,1145,676,1078,873,1049,981,818,1001,1,491,630,936,3432,847,1987,482,719,1042,225,2394,977,839,1038,755,1111,1053,54,344,277,1209,1407,660,393,882,908,851,605,800,543,823,1538,510,1262,828,851,679,933,699,425,543,724,677,1162,959,746,596,781,1347,1137,840,846,708,491,741,3663,2241,162,394,972,873,749,464,1299,483,662,86,718,2081,740,407
"Chlamydiae",1628,3210,3885,12434,770,3754,17008,56,33,6897,2902,4676,1559,8105,2821,7199,32781,3328,4767,16879,2238,2685,26667,840,5554,2308,4012,7901,3679,4199,3812,1574,19259,18650,11535,10229,7516,2596,1190,2250,7086,3208,44475,4924,5720,4313,6870,3226,3334,8310,1447,65485,3127,946,813,21625,5096,5315,12759,6958,2262,5551,8288,13866,30736,9129,673,9056,1369,1670,3545,16546,6644,4851,31170,230345,2234,979,6994,22493,2632,4479,15649,5850,47782,10735,976,89171,6353,189051,1611,13460,4561,15188,1718,1497,3758,3338,3174,4825,4693,3096,1772,74047,5515,1784,10207,5485,5635,5277,32489,6574,6376,3615,1088,786,38866,2072,4817,14817,2757,640,11972,1063,5593,6984,1020,1723,8039,2238,6345,1111,47809,1678,4960,11767,6872,4428,20573,4949,10976,11988,2165,7116,5,4279,2842,4386,1789,4690,14469,2494,4123,9878,729,3515,7556,12024,3536,6581,408349,102995,249,21522,955,5447,5577,16430,764,26370,4456,4802,12929,4863,929,2870,9008,15983,6254,179878,8631,4622,8594,3450,1343,2504,8185,2846,4976,117975,3780,4629,4006,6400,1267,3433,1878,1425,1429,3209,2526,64842,1649,1259,3706,25075,3813,2396,18018,4077,16462,371,1826,6340,4020,819
"Chlorobi",9776,10592,12308,15030,5290,12268,11318,92,136,10363,4160,11957,6997,12310,7074,9182,8564,9884,11225,7300,8145,12549,9381,9165,15292,13005,6655,8758,13476,13905,11400,8712,13205,8421,8017,16057,10961,8264,5233,9679,9042,9203,9336,8270,11212,11449,12863,8298,10632,7791,12454,8296,13516,10389,8704,9457,11492,14361,12058,9242,8100,9954,14583,10284,9045,12114,4726,9962,13850,8376,12402,14449,12596,12310,13137,8063,3714,7925,10862,10704,8971,12806,6777,11897,8812,13006,11026,9608,12156,21769,6756,10460,10242,10187,8827,10714,9681,13090,5781,11524,12589,8057,10670,9641,11612,8333,7912,13571,10996,7501,12978,8189,15565,9575,6555,7649,10651,7957,10853,8391,9386,5591,9096,17148,10349,6183,11352,15407,10314,13110,10137,9759,7837,8472,7282,7882,12464,12275,14105,11036,15563,13535,9187,13214,7,10669,14305,12344,6889,10368,20239,6381,12108,9692,3347,11036,8431,9151,10793,11730,10834,9438,434,7355,7818,9243,11590,8613,6413,6886,12027,9208,7047,12028,14567,10504,14704,9075,12502,8598,9257,11370,10289,10837,8627,6648,9840,10564,9118,5490,12172,11762,9871,13142,11956,11227,11504,10122,8021,10877,12433,11090,4512,8061,10620,13002,8661,5874,11481,6927,8674,5946,8734,10257,11608,10775
"Chloroflexi",17702,14543,16892,20593,10634,24709,19197,256,171,18157,6644,16577,14753,19776,9877,11668,13209,16547,16596,10280,12692,14423,16456,15133,21181,23088,8382,11245,15017,16758,14670,16513,22173,10102,10044,23411,14608,10630,10998,19362,14658,13804,15170,12812,18016,17045,14472,10906,16614,11835,26062,11519,20116,12217,17667,14932,16908,21831,16709,12677,12212,15894,19053,13901,52343,15351,8727,14847,16383,10217,19099,20282,16715,17649,20228,11564,5406,11029,16126,17033,13928,20162,13196,17379,13688,20677,17789,21045,18289,31316,9325,18715,20455,12620,11575,17096,12926,18906,9126,15484,15309,12873,24877,17686,15731,15045,11248,16402,17283,9353,15234,22381,19972,15751,14051,12790,20149,15341,14431,12433,13093,7295,15202,27496,15186,9257,16401,27042,14024,20814,19658,18771,14233,10862,10339,10819,18682,19538,19252,15766,23206,21965,20031,16617,19,15335,17249,18705,14084,14398,30668,10425,17448,18835,7691,15870,12977,14484,14153,14453,14756,13564,650,10599,12637,13404,17996,11835,13592,11156,17326,10821,11341,18833,18426,15200,19461,13751,16237,12024,12087,20720,16727,17108,23966,11735,16564,18604,19818,8928,16865,16549,15910,16331,14477,16178,15105,15505,11182,17681,20910,17144,11312,12960,15064,15979,12411,8920,16905,8988,17895,5630,19283,15499,14811,16805
"Chrysiogenetes",723,777,830,870,286,941,703,37,7,755,372,762,543,974,622,686,649,746,765,611,588,844,597,492,1232,857,458,634,863,1024,876,1078,769,774,545,1324,747,503,538,633,743,672,590,638,775,980,1086,509,669,688,1226,564,966,402,769,752,753,1213,936,691,719,916,1206,684,551,872,596,724,721,624,1157,1186,816,675,1129,653,300,358,705,825,671,926,484,803,663,1106,531,1065,841,1713,494,823,663,515,581,799,606,975,503,905,876,521,933,936,940,530,555,1002,1124,525,795,598,1100,769,419,415,846,585,808,626,737,349,609,582,781,480,321,1434,802,986,656,1220,595,643,503,516,1031,861,949,775,1250,902,828,785,0,716,924,886,505,855,1486,501,701,719,291,817,589,759,815,797,826,671,30,431,398,671,788,586,522,497,1001,690,468,952,993,832,1057,629,943,621,715,825,791,1025,663,524,613,880,734,412,929,707,667,907,620,734,938,744,450,751,1662,782,1006,469,822,1316,576,450,729,532,677,144,793,715,698,614
"Coprothermobacterota",148,180,385,538,98,175,324,3,3,270,114,326,209,377,222,225,300,274,250,147,303,231,316,66,429,139,152,281,238,395,381,129,170,138,108,674,228,164,86,366,167,250,164,169,208,387,414,139,291,151,142,192,554,150,78,282,238,560,266,340,191,224,276,291,82,249,84,180,200,122,308,155,448,388,133,235,99,92,423,255,333,406,170,347,283,230,222,154,363,337,92,293,290,169,134,166,283,436,157,249,325,115,302,148,422,125,159,345,340,201,246,188,463,256,309,48,255,133,398,159,304,62,186,403,294,179,133,166,246,254,219,260,201,285,136,140,461,237,485,270,449,269,195,286,0,245,282,299,192,260,408,207,229,419,85,416,151,180,234,198,309,318,11,73,136,255,159,220,167,123,341,239,106,477,222,388,317,226,267,158,176,377,183,370,415,126,292,315,200,121,328,169,296,308,129,325,177,170,122,302,337,294,73,179,317,268,279,219,405,230,239,52,182,327,213,64
"Cyanobacteria",38266,52114,50443,66568,17442,57231,48361,2230,576,43114,16514,54962,29460,55338,34856,42466,31494,54170,56750,30718,40481,50943,43284,25936,68420,51930,30411,41489,55902,61410,51927,32206,65565,35761,33313,72208,44164,34836,23276,46923,37177,45673,40242,39289,50710,53221,53547,32924,47658,36493,45103,44385,52588,23272,29861,36667,61419,65796,54195,41688,34522,38833,54168,47815,39848,50396,16669,36217,34619,34479,48395,49794,60903,58169,50483,41554,14110,20255,52788,46812,46337,63656,32291,57910,36684,54008,27918,35933,54453,86413,30985,46162,51268,43627,31288,34479,48496,54992,41291,46048,54512,36978,42302,41239,55287,38063,38766,59920,50150,32327,55916,39045,68071,48567,25247,19270,48413,37838,50308,33731,42069,16156,36004,35553,45592,32650,25465,45705,41575,46851,43408,33944,33717,30958,33764,33128,53756,64211,52524,47802,72287,64505,44259,52268,37,49191,54098,59757,38542,44921,91508,34651,52679,52395,13038,49461,35323,39723,50021,54503,51014,38834,1818,33141,23227,40094,48467,38394,23313,30715,55819,41986,30689,67261,29116,46573,64423,42469,49569,38255,45539,55193,43614,58949,30130,30726,45311,42916,40120,31286,53197,53222,51812,61919,26872,46494,38448,27106,29924,50998,45335,45337,17633,25935,50074,43816,44852,33399,60274,31549,36153,9411,38931,52978,51484,24750
"Deferribacteres",2156,2572,2753,3841,1168,3329,3258,68,28,2637,889,3333,3124,2775,1838,2037,1888,2919,3085,1798,2872,2802,2483,1556,3176,2525,1671,1972,3166,3360,2764,3648,4563,2365,1656,3709,2555,1688,2540,2594,2300,2741,2497,2164,2786,2903,2806,1886,3974,1755,2294,2224,3368,2718,2143,2033,4341,3806,2890,2145,2405,2256,3378,2522,2429,2963,1141,2262,2656,1729,2821,3223,3222,3586,2914,2192,830,1506,2914,2507,2564,3439,1766,3426,2189,3116,2447,2993,3169,5445,1685,2191,3310,2913,1886,2129,2970,3378,1511,2626,2870,2094,4519,2115,2676,1878,2082,3270,2827,1756,3097,2134,3672,3135,1885,1552,2490,2133,3886,1906,2568,1551,1822,2506,2870,1545,2231,3402,2014,2733,2627,1958,2108,1850,2082,2087,4286,4616,3153,2979,3845,3614,2559,2985,6,2470,3166,4208,1768,2230,5647,2298,2932,2782,1927,2446,1824,2253,2757,3022,2637,2081,86,1895,2483,2302,2408,2443,1452,1457,3102,2092,1911,3714,2546,2719,3958,2323,2812,2212,2201,4106,2463,3717,1705,1735,2204,2914,1928,1340,3385,3378,3044,3417,3091,3039,2239,2674,1625,3746,3811,2625,3111,2400,3098,2623,2703,1668,3072,1585,2223,780,2179,2595,3222,2183
"Deinococcus-Thermus",26466,16983,17731,24729,13150,18707,15121,591,188,20173,8053,19477,12240,15672,11781,12017,16760,18478,18316,12278,13045,16883,18049,19440,23478,28104,10124,13575,16678,20133,17283,19204,22252,13726,11027,27840,18504,13905,12680,21373,14047,16011,16938,13724,19094,21434,18376,12181,16484,13169,34373,14078,21180,13912,20859,15542,20496,25102,19207,13377,12611,19768,22830,17252,15656,15276,13449,18325,19116,14277,20831,25142,19557,20890,24692,13115,6464,13797,19004,17934,15819,24499,13255,20919,15398,23957,19022,23372,17451,35951,11120,14885,16378,12498,13184,20920,14425,23676,9352,17707,17990,12715,32599,20573,17928,13747,12081,19259,20218,9572,19659,12028,24607,18147,12800,15549,22120,10858,17403,15462,15977,10316,12474,25700,18380,11478,17381,34202,17182,23749,17983,24580,14480,11886,11778,13071,21636,20873,20771,17116,25757,23321,20340,17970,13,19404,21143,19423,16586,17545,34601,11311,21807,17425,6193,17760,13802,16816,17339,16912,17860,13691,729,12022,11774,15633,19654,14245,18013,11754,21479,12576,12940,20919,22536,20101,23282,15550,16950,13288,13661,19648,17424,18598,21724,11827,17237,17294,15665,10599,19351,17170,18073,21226,14819,18823,16914,17534,11325,19884,25275,18038,14115,15198,20268,19278,14178,10894,16523,11147,12954,6045,20116,18859,16905,18406
"Dictyoglomi",478,840,816,1029,144,767,1185,13,12,657,214,1265,260,837,867,716,549,1055,1250,430,996,756,752,142,1114,767,530,682,1211,1447,929,184,1001,653,599,1306,749,751,194,732,490,966,608,618,775,1020,1199,492,1359,437,439,1032,1115,327,270,577,1425,1139,897,899,799,423,876,915,503,720,133,497,241,638,747,536,1272,1034,645,544,208,125,1000,814,970,1300,557,1200,631,750,248,343,1078,1775,352,700,939,1106,364,422,1070,945,823,927,970,587,231,674,963,599,926,1204,905,592,1217,464,1291,1218,184,231,718,866,1144,450,754,76,692,163,1146,512,65,387,718,712,689,433,461,420,478,598,1614,1546,834,879,1459,1027,578,1092,0,818,701,1401,638,654,1991,905,983,1201,47,899,522,668,890,1027,745,534,45,558,138,845,1088,712,176,388,879,657,364,1513,290,757,1491,768,824,513,690,1299,688,1422,144,459,606,863,530,492,1120,1116,1176,1119,137,797,497,321,461,1038,321,722,129,162,952,649,930,741,1358,635,531,49,451,1002,985,73
"Elusimicrobia",812,1616,1687,2112,433,1702,2095,21,12,1371,641,1767,2446,1697,1142,1299,1141,1548,1558,945,1284,1261,1236,474,1856,1276,740,1747,2136,2386,1744,8040,1901,1124,742,3399,1941,1044,6567,1209,1624,1378,1171,1904,1597,1635,2265,837,1720,1072,2901,977,1579,1647,4688,1162,2271,2230,1728,1686,984,1068,2068,1378,1022,1873,587,1008,1173,875,2521,1615,2391,2150,1490,951,440,263,1921,1802,1453,2708,1022,1778,1212,2027,718,1897,1933,2578,883,1275,1899,1734,1278,1042,1797,1770,746,2158,2397,1127,1695,1162,1806,1129,1069,1895,1263,1263,1732,1205,2240,1441,747,722,1144,1251,1780,1116,1415,631,1292,741,1953,1016,1037,11862,1232,1226,1115,3744,893,1026,966,3011,2003,2169,2006,1730,2624,2091,1158,1774,2,1134,1644,2005,927,1188,4174,1061,1685,1258,1471,1406,950,1837,1373,2109,1366,1406,60,720,841,1613,1485,1644,691,744,1570,1200,901,1775,1035,1213,2659,1142,3652,1109,1187,2263,1360,1817,1517,893,1275,1521,1165,700,2110,1994,1497,2432,852,1903,1383,7489,857,1403,30634,1490,756,1183,1596,1483,1621,993,1988,984,969,116,1059,1465,1903,1208
"Fibrobacteres",1744,5616,7343,4322,963,3209,4913,6,108,3777,2316,41741,1076,3375,2696,7653,3083,4435,6983,2922,2990,3017,2622,1809,11162,2759,1783,5717,5756,11300,7109,1224,4161,1810,2297,5392,7743,4163,1133,2053,3629,3708,2710,3592,3108,6098,7076,3133,4127,5086,2332,2012,3839,1224,1292,3851,6858,5828,5123,5614,2040,6633,16703,4301,2341,3159,850,3740,2170,1924,6638,3659,7091,4921,4015,3314,2439,1116,3269,5756,3284,4218,7561,5013,2229,49818,2442,1587,7748,7253,1944,9288,5915,14140,16754,3369,3504,4493,2390,18723,6091,5253,2032,2101,2723,1733,1933,10551,2540,2149,5481,3064,6545,2898,1305,896,2967,3353,6852,4501,4984,1127,3191,3016,9263,5123,1293,3073,3162,3938,2879,1737,3944,2767,3224,3960,8095,4020,22940,8845,7609,6946,3241,63736,4,3462,3205,7089,2260,4334,6815,1994,3750,2644,503,4657,10421,4883,3204,3231,3739,8877,121,2133,1397,3922,7011,4153,1238,1694,5860,2520,1989,2940,2590,5031,13245,2851,5298,2698,3474,4694,5871,3642,2045,1711,2406,3088,6658,1428,5869,4910,5404,8762,2231,3802,2978,1599,1803,6941,2631,6408,606,1400,2732,5961,5143,4354,12830,3074,2689,1002,3128,6276,4029,1365
"Firmicutes",7699064,8430394,6057621,10571264,2869831,11725082,3084635,181945,64409,5994470,3972248,6677499,9135719,8873250,3792051,7426871,5590235,6427632,5205718,5086814,4242225,10017879,21438675,7168094,5866390,10600189,8080908,6157137,3568433,7274389,6439223,3209383,11056805,3329075,8916487,4855540,4554386,5485286,4327439,7218535,3572315,4782104,7504312,6576096,9842249,5256327,8607379,7562615,3920468,6252851,6875757,6056368,8821500,3682503,5665837,5455098,7759198,6235638,9642775,5017134,7599870,4834596,4734492,5610816,21766368,9823124,4014970,7284500,8696401,6733509,6079330,5530372,7280083,6524218,4673410,10832358,2485373,4742691,6132881,5458861,5574577,6539886,5708165,6617984,4686450,4856726,6218963,4747487,3625448,12575803,14622353,7453797,5719880,4698047,3537597,3977480,4249927,6401208,15505651,4101720,3404994,4778463,6227948,9871489,5108113,11282614,7595214,5582234,9414054,4353655,4950458,14902679,5490107,5848702,11774214,2682762,9358835,5007954,4217682,7738721,3961397,2551822,8897729,6930119,3224898,8849646,2915162,6899525,7551847,6369131,8345207,3304217,8634269,10034090,11148373,3623831,4447059,5428006,5707261,4942554,6188268,6037446,6738529,4197142,4526,4969597,3807878,6656872,6106953,4620820,6025453,5334977,4985686,5881464,5400976,6588606,8571306,5049773,9442815,8649416,9847147,8703888,218910,8345646,7571079,5336998,5597113,3070489,6006421,9021995,5686208,4735662,8870677,7006009,4246247,6298430,4690113,5700220,6202975,11122287,8823999,5519622,6518677,5633937,4471902,11657070,10174589,4246543,4960888,10240850,4539364,4220922,5764606,4742038,6485141,3973866,9151474,3324975,9088637,6979200,4847533,9585190,4923353,4334160,4908708,5824592,4890713,3764604,7463423,3024488,6261715,2307064,5889732,8062128,4548275,5448895
"Fusobacteria",34249,31344,26395,37928,24477,30144,27228,653,382,22896,7258,35137,65104,30036,29047,21086,14995,39148,38014,16334,29114,23947,26228,27464,36065,26275,17368,20657,30396,42471,30717,12994,47519,24395,15724,38194,26756,22356,13464,30302,19459,33664,23268,21107,29855,35727,33481,15253,35909,18162,13516,40464,30692,31533,24510,16855,46009,37953,24783,24301,29693,17211,25347,32459,23886,25580,16832,16309,19668,19322,21803,22899,47065,39588,21713,23567,7850,10179,39686,24807,32909,45365,26249,42662,19706,29532,46218,40084,32454,58800,17196,22536,35993,23791,13287,14785,35666,32861,30785,28310,28327,20531,21730,20813,41159,23307,29702,33467,33487,16065,45281,23042,41742,37200,29809,10044,24430,26688,35327,17466,26160,6519,20266,14996,26029,20095,12082,18673,23193,20888,27198,8575,19118,16669,19497,18229,33502,48695,30680,28397,44004,37179,22717,30865,32,28846,29603,42806,22585,20709,54562,30949,31141,47850,9556,31250,19583,23808,30553,32419,32149,16656,1133,20145,12505,22113,26388,20924,14218,15371,38069,27511,16743,46329,16823,30044,39692,26403,24503,21769,27233,44525,25104,45025,11947,17975,26306,26878,25882,17627,33367,36564,41283,36256,26564,27114,16037,18865,13798,37313,24008,24297,6509,17420,36351,20238,32172,26611,39323,18805,20399,12507,19075,37159,31566,12675
"Gemmatimonadetes",2910,2339,2105,3394,1704,1979,1829,6,29,2454,912,2140,1314,2798,1494,1724,1996,2416,2179,1593,1414,2260,1823,2448,3210,3225,1491,1726,2389,2690,2289,2180,2824,1777,2075,3013,2186,1852,1173,2256,1755,1926,1910,1772,2364,2572,2364,1719,2024,1710,3384,1957,2790,1508,2054,2196,2330,3082,2538,1609,1782,2537,2817,2107,1856,2030,1452,2259,2678,1876,2711,2684,2269,2484,2952,1614,851,1710,2357,2391,1761,2652,1699,2479,1760,3012,2182,2150,2081,5557,1237,2044,1711,1411,1387,2466,1730,2646,1553,2308,2145,1477,2221,2199,2086,1721,1915,2541,2734,1262,2611,1412,3149,2119,1055,1680,2308,1502,2036,1868,1729,1201,2172,2620,2434,1481,1805,3974,2069,3094,2116,2716,1629,1368,1552,1496,2358,2389,2152,2032,3232,2856,2274,2087,1,2243,2511,2491,1555,2191,3844,1494,2196,2070,835,2062,1772,2039,2187,2116,2142,1769,102,1524,1579,1893,2696,1662,1656,1531,2560,1727,1467,2455,2362,2330,2588,1920,2337,1972,1860,2406,2125,1978,2612,1336,1781,2071,1959,1363,2182,1946,2070,2729,1896,1842,2122,1781,1422,2218,3177,2139,1346,1711,2140,2349,1597,1227,2051,1319,1755,1146,2209,2188,1933,1867
"Ignavibacteriae",1096,1389,1520,2227,415,2010,3235,22,20,1370,520,3758,695,1490,1067,1177,1034,1711,3246,892,1471,1484,1282,751,1945,1277,1127,1252,2828,2176,1656,1627,2207,1197,1063,1735,1969,965,453,1530,1112,1767,1321,2227,1252,1538,1623,1147,1994,1266,1059,1618,2126,1042,767,894,3006,4128,2603,1411,1002,1078,1967,1490,772,1441,351,947,632,1096,1928,1796,2615,1756,2275,1182,476,563,1674,1767,1451,1878,947,3342,1216,1770,951,1116,3605,2551,1098,1443,3601,3653,969,940,2728,1573,860,2034,4375,1291,822,1136,1345,1107,1281,1897,1409,824,1755,994,2559,1824,713,851,1391,1034,1633,1025,1473,242,1221,745,1656,935,636,1075,1307,1627,1385,838,1112,1029,1089,1234,2239,2539,1719,1662,3751,2384,1361,4108,2,2008,1610,2322,1136,1302,3127,1119,2220,1381,374,1497,1145,1142,1620,1858,1469,1120,66,972,598,1379,1745,1439,504,785,1569,986,1079,2001,816,1614,2800,1181,1700,1135,1507,2221,1394,2132,1029,1055,1473,1690,1217,943,2752,2500,1872,3695,695,1752,1216,775,1135,1549,885,1340,938,629,1947,2299,2996,1047,1924,1211,1248,290,1178,1973,1797,474
"Kiritimatiellaeota",1218,953,935,1173,884,1021,1678,5,12,1001,378,2027,778,732,816,556,740,1213,1620,548,799,715,669,762,1221,1457,443,808,1118,1246,1197,1154,934,828,381,1577,1186,680,677,1012,675,1264,957,942,964,1166,813,622,1295,629,1736,741,974,486,1169,704,1846,2336,1327,638,767,814,1134,792,708,579,477,973,1177,644,1111,1332,1402,1424,1629,559,266,890,760,1196,814,1503,694,2085,811,1346,1053,1555,1983,1589,326,856,1355,1477,694,931,1595,1267,427,821,2435,635,1645,750,917,590,551,1324,756,605,1301,541,1314,1210,855,623,1029,559,910,768,935,334,476,749,1060,471,1137,2138,744,1212,857,1701,665,808,512,734,1126,1706,1352,1337,2505,1717,872,1920,0,1570,1319,1263,503,1039,1900,812,1500,905,360,990,677,846,874,805,886,752,32,447,706,534,970,824,449,508,1318,682,610,1428,708,1035,1574,852,887,430,668,1435,824,1226,1747,602,827,1156,747,478,1830,1823,1390,2432,646,1174,782,910,826,1222,1453,895,448,687,1142,1263,1381,762,866,681,632,328,960,1012,1432,1038
"Lentisphaerae",16597,2929,3689,3825,3545,2597,16557,124,41,4735,3167,3192,8226,6251,5192,1848,2251,5020,3198,14038,3855,2782,3183,14047,6684,4741,2704,2166,2771,3861,3723,47913,3155,3887,2052,9875,5332,2597,2259,3182,8297,3521,3190,2085,2806,6138,3348,1931,4065,2194,10353,2952,3545,2954,35020,2625,4178,4596,3237,2060,3681,4612,3175,3941,1681,2325,5346,2743,29123,1872,14804,3669,10452,4226,3986,1895,1262,22745,10475,3052,2145,3016,2097,3506,6224,62078,456944,7290,4381,5759,1442,2547,4910,2079,2207,2972,2969,3642,1264,13029,4587,2947,4358,3016,3520,2024,1888,5303,17012,1664,21638,2148,18006,12246,260281,8306,3288,1466,2990,5692,2986,3419,1996,97507,3141,2723,3248,37207,10840,4152,2762,73827,4556,1957,1841,12557,3733,4193,3926,4507,4349,4202,3154,2799,5,3549,8049,4369,1952,2693,13298,2345,3737,8043,3200,2574,2254,3135,2595,2222,2751,5868,450,1344,55174,2909,4940,40274,11161,2015,5558,1960,1712,3905,606829,4088,11497,2849,14652,6936,2825,4805,39225,2878,18809,1736,2592,3561,5501,1704,5522,3752,3060,4666,8965,15218,2700,548054,3297,3664,4906,2956,4372,3557,3249,3625,4034,2053,2829,1730,7187,2757,3279,2473,5407,16422
"Nitrospirae",3123,2637,2660,3909,1801,2634,2484,98,34,2627,968,2952,2506,2810,1936,1730,2117,2790,2959,1731,2519,2115,2106,2471,3305,3402,1349,2004,3383,3673,3011,2977,3659,1964,1387,4567,2853,2302,1363,3321,1984,2513,2483,1902,2600,3052,3099,1731,3176,1772,4080,2212,3513,1773,3106,1937,3684,3379,2291,2091,2028,2255,3504,2419,2266,2274,1440,2440,2675,1752,3009,3178,3055,3657,2428,1654,771,2803,2642,2421,2424,3381,1768,3308,2457,3498,2745,3585,2489,4693,1524,2050,2453,2006,2195,2303,2774,3465,1242,2615,2924,2151,3064,2555,2864,2163,1745,3413,2462,1539,3241,1763,3716,2685,2772,2047,3068,1498,2816,1823,2297,1019,1868,2577,2762,1478,1902,4766,2085,3046,2780,3092,2105,1755,1561,1899,3130,3580,3757,3142,3354,3106,2857,2449,2,2779,2991,3278,2045,2309,5638,1824,3293,3143,927,2491,1630,2343,2453,2457,2390,1833,86,1718,1204,2115,2298,2306,1802,1338,3089,2042,1626,3711,2293,2629,3988,2089,2505,1830,1928,3280,2354,3020,3075,1744,2237,3064,2252,1231,2964,2912,3063,3374,1540,3096,2392,2320,2016,2810,3276,2729,3009,1569,2953,2764,2418,1795,2938,1603,1718,894,2650,2645,2975,2294
"Planctomycetes",25747,18826,19613,26914,12724,20228,19299,332,240,18897,8194,22600,15683,19685,12913,13458,15985,20749,21809,13733,14257,17180,18513,21153,26885,25521,10862,15539,20760,24882,20567,20544,21261,14193,12036,27692,19478,14950,14108,20349,15127,19498,17527,13705,19797,22799,18922,13644,24438,13965,30050,15056,23407,18898,22154,16454,26460,24222,20136,15291,16968,18462,24798,18338,17385,17881,11007,18970,25476,13875,22413,27815,22415,25317,24482,14395,6271,15325,18655,20999,14811,23468,13944,26543,15959,24756,23198,23271,21155,38046,10816,17240,15653,14715,15760,19986,19948,22305,10642,19613,22871,13544,28716,17776,19631,13075,13110,22887,20069,11377,22947,14134,27514,20746,14778,16749,18498,12149,17795,15982,15916,12429,14671,35790,19504,11658,22055,40086,17509,27426,16950,24476,14152,13691,13038,14820,21422,28227,23778,23179,29223,26571,18456,21156,22,24152,23491,27742,12758,17776,37284,13569,25259,17958,8936,19104,14745,17120,19194,19887,18516,15320,837,12520,15496,15587,19549,15745,14849,11993,23312,15026,12587,21229,29626,18242,27050,16007,20055,14430,15507,27896,17906,19213,20398,11525,16960,19463,15740,10155,25796,22569,22684,27498,24761,20114,18562,23005,13095,22402,28468,20296,14247,16920,20533,22089,17730,13664,19121,11391,14212,11110,18140,18016,23374,23237
"Proteobacteria",2249718,997407,1178705,1665995,1874838,6284514,981712,279965,13280,1098822,654022,1075439,1593709,1079322,676435,780024,878329,1045916,1058314,722502,788676,1088789,1025860,3594982,1363428,1431247,631161,814096,1062756,1225623,1058667,1276974,1399422,1038485,728311,1596132,1040136,776050,1753095,1288730,841502,878329,992955,847608,1174803,1143030,1083139,781389,1002844,784789,2079775,915175,1393247,1182732,1410756,937951,1155765,1353047,1147797,822132,2029590,976370,1216750,1081411,1379046,1024275,2264306,980395,1911636,774598,1266325,1482699,1125973,1236585,1298608,910363,369974,2271048,1038086,1076915,880202,1301882,839651,1150517,1083743,1289126,2263314,3486347,1052066,2069287,726909,942905,985593,779974,931776,1076622,939084,1218330,880646,1002601,1059211,823661,1634101,1068834,1052174,846297,791311,1255500,1131765,634197,1242728,818396,1427724,1040214,1605037,2612697,1289033,931039,941709,900821,912630,787665,853468,1391463,1012322,662515,1040716,2506360,971800,1255993,1061387,1184839,900514,878032,738261,792857,1218673,1280902,1229974,1119315,1491178,1475741,1295614,1058837,842,1036023,1294390,1178257,965512,979153,2320320,919354,1156752,1028987,672972,1038220,830196,1026172,1055499,1048152,1238717,882233,51412,794701,1035037,859099,1078653,953843,1511290,709686,1208447,796965,754278,1197470,1353441,1034619,1386462,920663,1095961,867858,887185,1165148,987664,1059115,1527482,854966,976998,1054965,920944,635373,1080847,1032439,1048462,1223332,1313877,1173340,1018094,1999967,1184229,1058026,2053052,1189383,1474561,1474765,1104616,1149314,823383,605551,1063792,627781,814052,1569942,1264621,1041492,1017579,1827546
"Spirochaetes",46846,79527,173110,200383,14206,51988,421438,719,2248,105898,99899,275043,29645,96626,677552,87030,51176,218118,294312,92407,154878,36988,47698,21318,294108,52549,51369,349368,339255,327063,146599,30155,57631,57439,34343,988653,133367,170111,23532,58160,468943,206274,61399,133257,84383,186272,487277,33318,334538,46280,44470,42581,69276,26460,24070,102200,274066,303127,218075,210641,154209,66832,184265,120583,23978,64653,15320,49758,33772,56317,336653,51790,322069,411430,111352,110612,76773,17197,243446,177367,167524,472639,112075,244756,318742,130832,26379,32758,343705,154929,35310,74824,277845,282311,143004,55175,238466,210369,28379,196122,400183,47521,41166,45839,138155,30785,49949,534434,66480,262451,91854,33757,225878,139179,19340,19565,38465,52319,408161,51607,179369,14519,42006,36218,417858,66113,23729,39316,94381,98939,47284,30940,54299,32686,58904,113402,319634,390907,134515,376034,372707,264778,55320,295845,172,196206,70360,483269,28179,101214,444913,195812,195936,165628,16129,236619,50285,283520,92646,134754,216078,53803,5439,24540,27070,119610,181276,118437,36883,74419,170532,216302,31390,202188,38007,237010,359506,946287,505362,61114,77385,630670,66910,211819,28612,29837,40533,133468,62372,24882,235375,226912,240431,271475,33040,225015,33688,35778,51927,144388,49315,374345,16681,27744,264667,137966,220292,162574,389458,189714,62693,8219,45482,253896,266889,24043
"Synergistetes",264136,10170,11647,14214,1809381,10624,11762,443,135,12868,5777,15133,43346,10113,8778,6695,10615,14354,15167,7083,10539,9337,11870,537169,16286,19059,5764,8533,12764,14487,10697,1240392,11917,12551,5655,19803,11838,9801,186929,11543,10113,11306,11381,8800,13509,15911,11415,6745,17839,8491,50808,9276,12846,68066,286032,9854,14565,23488,11224,9690,1921815,13472,18318,11233,4394,9907,269734,12309,663625,8764,13910,14707,13820,15342,16888,7552,3993,3393723,13613,14098,13244,17315,7284,16316,13119,18014,697377,103642,13296,22565,5188,9407,13497,9221,10209,14104,15732,17725,5010,11390,15150,7685,123539,10636,14329,8140,8058,14567,13022,6268,27766,7257,16059,16255,36467,236277,11599,5517,14974,9255,12783,931038,6264,137073,12590,7142,113304,113465,11219,14879,11927,464688,9265,6511,8172,8770,17179,15982,15966,13908,20042,16346,10731,14164,10,14168,15434,16224,7405,12343,35317,419062,17302,12371,71257,11352,8779,12061,11705,11856,11004,8409,626,4943,1135959,9232,11514,11199,687371,5886,16858,8074,7487,17498,1128791,15152,16982,11012,11640,8062,8884,18614,10950,14455,2851896,7251,9941,16155,9464,6624,16425,14958,14156,14783,88759,15387,10038,701625,7538,22153,100056,11721,518008,1032208,18692,18756,12745,7407,9815,8425,7587,3840363,10717,12150,11595,155215
"Tenericutes",23625,35015,33377,35839,10214,32142,37678,843,410,24701,11469,39359,29168,38615,29824,22309,17144,46525,38619,22528,34283,33183,28615,7619,36766,32812,18875,23085,32546,44780,34738,10414,47342,25970,18547,53526,32823,23940,10678,33769,23282,36732,32453,21487,29900,36253,35448,17513,45043,23052,14729,37184,36601,6529,8238,22273,47067,40379,31877,30197,26618,19286,36150,39595,14682,29197,10020,19631,15914,22285,28289,25031,43245,49870,30293,24091,8801,6421,37179,27539,34320,51558,25302,42253,25441,31578,8742,20286,35003,70417,15114,25016,35006,23416,13472,17690,40967,43677,32596,30904,33242,29162,22017,25075,44651,25633,33721,39270,42167,20091,43363,27811,46282,43917,15223,5434,27761,25863,45678,20019,28587,5277,19533,9106,32520,22951,6265,18752,30118,26535,28353,11999,22157,17988,23350,25901,36129,58846,37603,31451,43231,41435,28354,34707,21,28609,43141,49639,21541,23350,82561,30622,36394,50996,6510,31519,21485,29986,32717,34267,35498,22681,1416,16909,10152,25084,27802,26547,9821,18173,38556,33024,16779,51450,7222,33410,50937,27986,31196,25052,33691,54910,30874,48680,10176,19212,22151,38042,28450,19682,34206,40086,43288,41747,8900,35465,18907,12955,17809,43102,19287,24357,3963,12264,37276,31295,34463,27670,42446,17775,22525,2203,24749,38702,37764,5703
"Thermodesulfobacteria",704,1256,1052,1732,558,1345,1126,54,9,1060,463,970,779,1120,856,888,718,1473,1401,778,962,1256,1177,388,1589,1206,794,1002,1157,1582,1307,660,1518,945,922,1880,943,717,540,1134,1079,1053,1011,984,1152,1259,1555,980,1362,1034,838,1156,1327,834,471,893,1739,1456,1321,1121,875,848,1429,1255,1062,1149,381,842,597,842,1185,1052,1372,1482,1524,1038,333,283,1237,1135,984,1727,753,1379,945,1135,361,1044,1297,2180,710,1053,1258,875,598,742,1065,1258,771,1248,1087,1034,813,984,1275,713,1047,1384,1128,685,1702,990,1589,1353,494,785,1162,910,1473,720,1102,251,984,339,1130,679,415,796,1069,848,1356,813,1012,993,815,920,1376,1737,1393,1192,1533,1663,924,1190,2,1313,1388,1812,751,864,2240,1029,1034,1354,216,1079,968,1025,1359,1265,1314,994,42,803,396,959,999,938,380,663,1397,1019,635,1423,553,1108,1533,1165,1844,1056,1313,2020,1015,1540,418,739,850,1439,1337,744,1288,1517,1211,1253,725,1273,914,527,690,1323,927,968,1180,742,1326,1329,1142,912,1486,777,1040,170,826,1298,1473,432
"Thermotogae",5648,7241,7279,9140,2571,7584,8859,105,90,5965,2273,10011,5695,7548,6220,4859,4516,8978,10290,4177,8561,6238,6330,3302,10246,6920,4354,5598,8367,9801,7459,4699,10534,5502,4379,11767,7183,5129,3754,7320,5466,7905,6217,6086,7116,8481,8786,4209,9203,4844,4589,7720,8227,3269,2985,4846,10857,12067,7471,6981,6299,5088,7797,7320,4563,6072,2466,4876,5795,4838,6635,7085,11060,9867,7305,5280,2136,2347,9602,6589,7693,11353,5138,10817,5530,8479,3892,5882,8710,15232,4147,5789,10170,7145,3748,5106,8901,9659,5975,7393,8649,5108,6129,5817,8898,5327,6251,8495,7733,4118,10300,5364,11090,9581,3612,2693,6389,5471,9807,4627,6907,1803,5812,5237,7697,4407,3762,6493,5711,6609,7344,4706,5154,4614,4451,5157,10077,12330,8083,7787,13159,9871,5928,9289,10,7875,7940,11102,4961,5371,15239,6505,8851,10809,2144,7242,4852,6072,6911,7498,7100,4835,296,4607,3602,6014,6757,6202,3137,3820,8218,5753,4049,11630,4775,7979,10398,6158,6744,5437,6088,12083,6222,10573,3608,4328,6195,8479,6023,3849,10041,10045,9232,9920,5238,7967,5306,4462,3635,8933,7107,6137,5398,4094,9349,7346,9006,5930,9524,5005,5182,1705,5415,8378,9064,3839
"Verrucomicrobia",19755,14792,16071,19655,907051,16367,14738,166,187,15316,5849,15013,31963,16034,10319,10614,11619,16768,15542,10507,10709,14885,12425,43723,20948,19674,8635,12204,16629,20330,15420,25161,16673,11753,10327,23549,14708,11151,10642,15420,12524,13902,13163,9980,15984,17111,15869,10416,16666,10883,25634,11258,18315,11307,73627,12090,18332,19827,15259,11445,12135,14103,18627,14685,12685,14092,10864,14149,15716,11769,17268,20167,15750,18394,18193,9781,5009,6849831,13920,16427,11796,18008,10088,16794,13533,21464,18522,25901,14704,26537,8947,14086,12081,10406,11543,14168,14518,17130,7455,15242,17673,10993,23967,13940,15262,11936,9875,19504,15778,9553,17837,10149,21571,15745,10673,69053,15903,9015,12774,11537,13517,8753,11851,24032,15312,8583,14905,158307,13776,17541,13347,34906,11160,10618,9262,10320,17627,20009,18037,17802,20958,20984,15123,14014,15,17749,18644,18933,10660,14364,28831,10023,17506,13297,5381,14171,10526,13034,14736,14462,13963,11615,638,8954,10485,12090,14534,12045,11286,8989,18970,11665,9743,17182,18052,14152,20062,12062,16333,11674,12686,17962,13958,15028,18661,10105,14953,14855,12232,8057,18415,17096,15400,20300,19086,15566,14565,15137,10711,16290,21542,13649,12966,12334,14823,18100,11084,9491,14404,9430,10736,7024,14668,13079,17279,17071
"Chordata",64163,48995,56603,62781,45381,55955,57176,211519,630,38508,60531,54114,74988,51633,39030,34598,31946,56783,57329,28372,42116,44289,42174,49604,64335,48720,28879,38630,51340,63577,48352,37464,66525,42876,32596,67958,44609,35489,104152,46873,32393,49170,40085,32677,45340,56602,52301,28501,51758,33053,57406,50875,53736,151872,27716,38644,64871,60964,48156,38890,162662,30943,48584,51755,39104,42808,117905,39786,75201,34655,44257,45159,64677,58718,48554,39346,11958,18464,54590,42025,47283,65391,49246,59701,46708,48825,55645,70558,51526,102811,28566,41197,51328,39040,28227,31837,51011,55857,47320,48429,50388,34039,50620,34745,62938,34871,46543,55462,53705,28176,61299,35636,71725,54832,43660,77735,40956,40743,55025,28948,41379,173085,34271,30705,46724,30632,133508,38247,36315,42401,42258,22881,33182,30829,31807,41371,55513,69984,65673,46116,68514,64088,41576,49162,34,43477,54614,60841,32421,36658,110773,66980,47528,62508,97821,47971,31844,37965,48998,53524,61675,36917,2696,29710,62643,38615,48461,47648,77231,26608,53696,41780,40896,80608,62448,44654,69215,42620,47531,37041,45710,61943,40226,62600,27649,30444,40886,42649,38422,31417,55266,53902,57043,57319,55045,45865,33903,59107,28161,51807,54700,43795,53620,59459,55187,39827,46859,35523,58723,28790,32250,81176,36176,57775,52354,74681
"Apicomplexa",13394,16799,14206,18036,5699,15553,14533,1166,171,11624,4972,16109,8719,16625,13278,10480,10991,19283,17694,8946,12653,12855,14455,5552,19620,15875,8158,11050,14479,20399,15968,6099,22442,11822,8834,20220,13362,11737,5688,15025,10613,15595,13058,9546,14550,18902,16642,8839,16486,9960,10205,17117,14511,5439,6446,9994,22351,18997,14678,12294,12956,9109,15911,15591,12273,13782,5325,9950,8964,10101,13409,12464,20892,19656,13999,11263,3177,5053,18147,13140,15881,22685,11326,19033,9908,15253,7401,10061,15540,35815,8235,11774,15909,10323,8446,10765,16828,15963,12580,14521,15455,10562,10349,9754,20927,11095,14309,17325,16520,9392,21824,10706,20599,17933,7095,4962,12750,11524,17364,9039,13333,4375,9434,7766,14429,9920,5433,9207,11135,12626,14038,7095,10120,9464,9177,11136,16202,21987,15449,14872,21805,18534,12445,14481,14,14484,17670,19436,9992,12128,34583,13614,15596,21944,4146,15286,9969,12796,15653,17172,16172,10467,551,8261,5655,11039,13636,11270,6470,7944,18977,14650,7146,23373,5618,14527,21172,13582,13813,11022,14570,18925,12887,20690,7585,9711,10763,13225,12485,9334,16585,16556,18903,19879,5654,13938,10424,6095,8359,17878,9532,12711,3625,6635,18863,12324,15861,12178,18191,9485,10196,2293,10459,17775,16742,5459
"Bacillariophyta",1319,939,1132,1600,506,1550,982,53,10,861,376,757,785,979,782,889,865,1007,1040,596,588,767,1100,1096,1686,1258,507,696,978,1169,1193,619,1158,748,690,1289,826,772,496,804,858,794,1097,599,859,1400,826,830,1101,674,882,981,1241,688,784,784,1138,1241,878,829,875,787,1137,896,1160,927,452,1120,1648,752,1182,1578,1188,1020,1742,988,279,835,1033,869,688,1068,643,843,888,1299,1224,1482,906,2630,877,946,600,653,1386,1595,903,935,779,985,1133,906,860,1137,1352,764,857,1166,806,625,1777,768,1143,924,742,642,1416,977,1367,860,840,647,714,1808,1133,578,1268,1463,781,1431,918,880,750,903,766,948,1152,1835,1603,1159,1525,1580,1049,908,2,944,1400,1800,625,931,2317,491,960,861,318,1022,750,828,1074,1038,1107,994,44,718,811,645,1048,848,727,536,1269,826,624,1085,1470,747,1391,997,950,786,879,1784,901,1143,747,938,1065,1110,767,713,999,1130,881,1192,1517,1084,1152,976,788,759,1094,1214,1568,962,1392,1277,707,516,1091,648,737,609,1055,1067,1594,1295
