"","NPB_F18_1_E6_S66","NPB_F15_2_B2_S76","NPB_F12_2_F9_S40","NPB_F7_9_A12_S34","NPB_F13_6_F11_S56","NPB_F1_9_A3_S9","NPB_F13_3_C11_S53","NPB_F17_12_D6_S65","NPB_F13_8_H11_S58","NPB_F9_6_F5_S8","NPB_F15_6_F2_S80","NPB_F10_11_G7_S25","NPB_F18_4_H6_S69","NPB_F12_7_C10_S45","NPB_F14_8_D1_S70","NPB_F7_2_B11_S27","NPB_F2_12_H4_S24","NPB_F6_3_G9_S16","NPB_F9_10_B6_S12","NPB_F11_2_B8_S28","NPB_F13_4_D11_S54","NPB_F18_6_B7_S71","NPB_F2_6_B4_S18","NPB_F14_4_H12_S66","NPB_F2_11_G4_S23","NPB_F1_2_B2_S2","NPB_F14_10_F1_S72","NPB_F17_3_C5_S56","NPB_F7_11_C12_S36","NPB_F16_7_C4_S48","NPB_F9_2_B5_S4","NPB_F12_6_B10_S44","NPB_F5_3_C8_S4","NPB_F13_1_A11_S51","NPB_F6_11_G10_S24","NPB_F8_2_F12_S39","NPB_F16_3_G3_S89","NPB_F9_5_E5_S7","NPB_F15_8_H2_S82","NPB_F15_12_D3_S86","NPB_F6_7_C10_S20","NPB_F11_8_H8_S34","NPB_F4_7_C7_S43","NPB_F17_7_G5_S60","NPB_F14_6_B1_S68","NPB_F8_5_A4_S42","NPB_F13_12_D12_S62","NPB_F16_12_H4_S53","NPB_F8_10_F4_S47","NPB_F1_7_G2_S7","NPB_F9_7_G5_S9","NPB_F16_4_H3_S90","NPB_F8_11_G4_S1","NPB_F7_4_D11_S29","NPB_F12_12_H10_S50","NPB_F13_7_G11_S57","NPB_F17_2_B5_S55","NPB_F15_10_B3_S84","NPB_F12_10_F10_S48","NPB_F3_10_B6_S34","NPB_F2_4_H3_S16","NPB_F13_2_B11_S52","NPB_F14_3_G12_S65","NPB_F10_6_B7_S20","NPB_F2_9_E4_S21","NPB_F1_12_D3_S12","NPB_F16_5_A4_S91","NPB_F5_1_A8_S2","NPB_F15_5_E2_S79","NPB_F8_12_H4_S2","NPB_F8_6_B4_S43","NPB_F9_12_D6_S14","NPB_F15_11_C3_S85","NPB_F5_2_B8_S3","NPB_F10_3_G6_S17","NPB_F3_8_H5_S32","NPB_F4_11_G7_S47","NPB_F8_8_D4_S45","NPB_F8_3_G12_S40","NPB_F10_7_C7_S21","NPB_F5_10_B9_S11","NPB_F13_11_C12_S61","NPB_F5_9_A9_S10","NPB_F2_1_E3_S13","NPB_F4_2_F6_S38","NPB_F9_11_C6_S13","NPB_F5_4_D8_S5","NPB_F4_6_B7_S42","NPB_F8_1_E12_S38","NPB_F6_9_E10_S22","NPB_F11_1_A8_S27","NPB_F6_2_F9_S15","NPB_F3_1_A5_S25","NPB_F6_6_B10_S19","NPB_F4_12_H7_S1","NPB_F17_1_A5_S54","NPB_F1_3_C2_S3","NPB_F10_10_F7_S24","NPB_F12_4_H9_S42","NPB_F13_9_A12_S59","NPB_F12_8_D10_S46","NPB_F3_5_E5_S29","NPB_F17_10_B6_S63","NPB_F1_8_H2_S8","NPB_F2_8_D4_S20","NPB_F15_4_D2_S78","NPB_F1_4_D2_S4","NPB_F11_10_B9_S36","NPB_F6_12_H10_S25","NPB_F15_1_A2_S75","NPB_F2_7_C4_S19","NPB_F14_2_F12_S64","NPB_F2_10_F4_S22","NPB_F8_7_C4_S44","NPB_F1_10_B3_S10","NPB_F4_1_E6_S37","NPB_F17_9_A6_S62","NPB_F4_3_G6_S39","NPB_F16_6_B4_S92","NPB_F3_2_B5_S26","NPB_F18_9_E7_S74","NPB_F14_12_H1_S74","NPB_F11_12_D9_S38","NPB_F15_3_C2_S77","NPB_F10_9_E7_S23","NPB_F11_5_E8_S31","NPB_F13_5_E11_S55","NPB_F3_7_G5_S31","NPB_F18_11_G7_S76","NPB_F6_5_A10_S18","NPB_F17_11_C6_S64","NPB_F14_9_E1_S71","NPB_F15_7_G2_S81","NPB_F3_4_D5_S28","NPB_F12_1_E9_S39","NPB_F10_8_D7_S22","NPB_F12_11_G10_S49","NPB_F16_10_F4_S51","NPB_F16_2_F3_S88","NPB_F7_10_B12_S35","NPB_F7_1_A11_S26","NPB_F11_4_D8_S30","NPB_F9_1_A5_S3","NPB_F11_6_F8_S32","NPB_F2_3_G3_S15","NPB_F14_5_A1_S67","NPB_F6_10_F10_S23","NPB_F4_5_A7_S41","NPB_F18_7_C7_S72","NPB_F1_5_E2_S5","NPB_F18_8_D7_S73","NPB_F3_11_C6_S35","NPB_F1_1_A2_S1","NPB_F10_12_H7_S26","NPB_F7_6_F11_S31","NPB_F17_4_D5_S57","NPB_F14_1_E12_S63","NPB_F5_6_F8_S7","NPB_F11_11_C9_S37","NPB_F3_6_F5_S30","NPB_F14_11_G1_S73","NPB_F4_8_D7_S44","NPB_F10_1_E6_S15","NPB_F2_2_F3_S14","NPB_F17_8_H5_S61","NPB_F16_8_D4_S49","NPB_F12_5_A10_S43","NPB_F7_7_G11_S32","NPB_F11_9_A9_S35","NPB_F5_7_G8_S8","NPB_F4_9_E7_S45","NPB_F12_3_G9_S41","NPB_F8_9_E4_S46","NPB_F4_4_H6_S40","NPB_F18_10_F7_S75","NPB_F18_3_G6_S68","NPB_F17_5_E5_S58","NPB_F9_9_A6_S11","NPB_F1_6_F2_S6","NPB_F10_5_A7_S19","NPB_F6_8_D10_S21","NPB_F8_4_H12_S41","NPB_F6_4_H9_S17","NPB_F16_9_E4_S50","NPB_F16_11_G4_S52","NPB_F3_12_D6_S36","NPB_F5_5_E8_S6","NPB_F15_9_A3_S83","NPB_F5_12_D9_S13","NPB_F12_9_E10_S47","NPB_F3_3_C5_S27","NPB_F6_1_E9_S14","NPB_F18_5_A7_S70","NPB_F14_7_C1_S69","NPB_F9_3_C5_S5","NPB_F4_10_F7_S46","NPB_F3_9_A6_S33","NPB_F11_3_C8_S29","NPB_F10_2_F6_S16","NPB_F7_3_C11_S28","NPB_F18_12_H7_S77","NPB_F2_5_A4_S17","NPB_F7_12_D12_S37","NPB_F5_8_H8_S9","NPB_F11_7_G8_S33","NPB_F13_10_B12_S60","NPB_F9_8_H5_S10","NPB_F18_2_F6_S67","NPB_F1_11_C3_S11","NPB_F7_8_H11_S33","NPB_F17_6_F5_S59","NPB_F9_4_D5_S6","NPB_F5_11_C9_S12","NPB_F16_1_E3_S87","NPB_F7_5_E11_S30","NPB_F10_4_H6_S18"
"Aminoglycosides",695.466391902539,1729.64520651353,512.454444143249,1251.61471496771,493.7058546539,930.462945322919,729.092609915809,3669.07282643567,529.292257683215,1462.36883822752,611.2748095847,562.565827472565,616.098575772124,468.557059787611,1169.0653572638,573.163507109005,767.034158684258,522.376965808622,2315.41857700798,392.292341694741,565.065857964061,1745.02104779087,1255.97240915209,867.888227210261,2944.91845771682,1517.89928202038,1014.59002042603,332.187194614354,538.414584520225,2885.15039828796,794.448808588636,1868.49022506982,456.059092422729,433.891454965358,536.108020633155,500,621.227916163722,2586.9630071599,1238.75260701162,861.090476897935,459.585226439982,541.866706989755,440.692322895785,1554.11184210526,483.606921029281,656.175972927242,517.656729158104,1208.010096136,1092.69720274961,2624.74581573596,788.515003355383,1102.58158490098,574.156725905488,532.605890809894,594.373699032693,1310.80120802985,910.206718346253,698.124599071733,572.895043000205,881.748180741242,1143.09422063644,457.867263236391,804.264813146265,657.153474544779,653.250617844354,1225.30612244898,1734.53054850673,476.826902349644,519.738022609008,394.271752409393,1087.22094489357,758.008804605486,1157.85425879639,400.759881796165,490.161313762535,861.184397450988,521.999947147274,1567.39908022483,1343.162477736,576.774118400745,387.593121214231,572.448591012947,425.939181844694,1023.58646170086,516.789123120236,586.413527143281,348.4295783356,501.518509398342,2082.79947647586,414.009814331219,566.791904776939,545.361990950226,788.101145541889,712.344096522819,387.68443239988,557.37037037037,2629.81377689387,375.200724066451,384.194486771021,680.188337558855,456.854688083676,1122.05823693658,2945.38736866413,1830.71025020178,2839.13438256659,520.122073915085,2267.42677048572,451.709817089335,546.064130676582,644.310530818733,1580.86225026288,482.723846929569,874.074074074074,935.075826402963,2942.73892151628,1463.57965958347,1120.69496879575,460.054308989567,1091.03391021138,870.061099796334,2919.31999624307,375.886524822695,502.655250894115,2278.32487814583,672.970364279841,622.246253669087,1016.5889407062,991.991991991992,1419.40981253924,636.128625472888,2029.53685096041,2605.3212020954,1131.83911159263,1425.04743833017,782.019350512501,440.809433854256,499.389092524714,509.917945058865,2056.18489212728,321.703698987713,598.508539812365,384.267933618844,657.358510695045,374.097961392748,872.686745114302,516.294362247365,700.071442488797,333.82695669062,2995.58142797026,1076.77569833953,1627.94780735007,770.391236306729,1795.10008963251,471.477537030236,913.727787541496,3002.42379043535,1474.10670582477,395.103156848123,351.092740185891,1482.18852758495,687.673068334078,484.043304972157,434.698118809209,2099.43354238317,2459.42658557776,1421.80599969545,472.683506505378,599.924762531741,359.579069960902,335.192563081009,617.457305502846,1002.09747750731,467.535737264666,552.039788850578,900.651663563507,5867.78339654446,1057.80582129045,513.514748554847,333.682640764177,551.739532510603,491.228070175438,348.598130841121,599.733944276107,683.123513372397,1504.84163419621,921.343537414966,357.544646973842,797.990820682351,474.737411403034,1324.42328817283,1380.48183700358,644.100797543715,1391.2844934438,513.370281969335,1141.13504803963,373.934546985163,1853.76633358955,1037.78076803643,0,1684.95867768595,1327.68777614138,554.731498373919,448.328131966117,436.828102942773,573.644200095025,376.778150091674,376.944691933384,846.113886113886,853.021095795662,458.89918668432,760.04322154903,495.894677236693,508.234636303563,1975.25138518367,469.08380978943,557.718521042767
"Multi-biocide resistance",149.645433056549,34.72446888817,0.0903587241348152,1.404099971918,0,0,0,52.1334616618544,0,3.01955159658791,0,0,174.235877740438,0,2.37047070775483,0,5.18103500210856,0,8.99983019188317,0,0,86.9503696628816,62.2476446837147,0,47.9533426935954,0,7.07615990662387,124.904991132506,0,63.6071810724052,2.54367261437175,13.7177591588631,0,0,0,0,96.4281795237573,50.1193317422434,2.38355348098123,0,0,0,0,0,0,2.58421781264421,0.189687332047675,102.668794773765,7.21431974409583,11.262318160488,7.57357875563225,82.8400533052344,0,0,1.0101628504959,10.8367383194173,115.019379844961,1.16976717859703,0,0.846166864105602,0,0,0,0,0.100872547536188,4.21768707482993,67.8638818400677,0,0,0,41.3112808722095,0.541821876058246,0,0,0,0,0,30.352580480327,17.8112012665743,0,0,0,0,0,0.446336606468447,0.0593295757935331,0,0,47.8060205276572,0,0,2.60180995475113,0,0,0,91.2592592592593,46.1037787018622,0,0,0,0,58.0773833266853,61.0783974136936,55.3537799300511,27.9963680387409,0,45.1427512050426,0,0,0,3.99579390115668,0,6.18070299598962,6.21986162555035,41.1105178857448,34.7816893963421,108.251791355266,0,77.7827447474296,2.96770439336631,0,0,0,16.1145926589078,0.428985092768026,0,3.9307128580946,0,75.3430800968697,0,82.4881992802729,27.8467052660601,59.1820151679307,56.5702087286527,4.11916850273015,0,0.472064867266467,137.174455940064,63.4143564638242,0,0,0,0,0,0.311025866984604,0,0,0,69.2242951325572,0,83.2768045967838,0,1.43412010755901,0,0.273384104667057,67.120350517386,52.3739598629466,0,0,59.9196200219218,0,0,0,48.0477442848473,60.3822762814944,0,0,0,0,0,2.9517183217373,1.71110007175581,0,0,145.754067837772,65.0021070375053,69.746929913834,0,178.781588811414,0,0,0,0,135.000290073679,80.6296053393002,71.9600340136054,0,0,0,34.6027096301721,47.7131564088086,0,104.573031508905,0,7.22086292295757,0,25.4611837048424,0,0,32.7272727272727,0,63.7740937574363,0,0,0,0,0,80.3196803196803,0,1.3996595422735,126.770346930112,0,0,93.0022573363431,0,0
"Multi-metal resistance",785.380932177708,177.18106330206,13.7947652179151,73.3876251989142,0,0.333396837492856,3.74181478016838,295.957651588065,0,173.473239223975,0,0,893.262922067531,0.24696347185739,65.2726041313918,0,188.746310018676,0,124.978773985397,0,0,438.961406487672,380.720053835801,4.21438387540082,646.830111243115,14.1085504845107,27.1374379924132,562.886821817655,0.244160494831936,330.222327903935,12.531328320802,75.2423196977164,0,0,0.505714574694043,0,469.302095906946,232.846062052506,64.4552587148674,0.445699004605556,1.13586398944746,0.264620269912675,0,1.15131578947368,0,0.615289955391478,0,506.217289632902,64.2482814945893,146.722978257469,33.3620937589876,476.52400285121,0,0,3.76515244275744,82.8744004263635,686.272609819121,0,0,0.592316804873921,0.248931668257063,0,0,0,0,28.843537414966,343.093239638233,0.143709132715384,0,0.271480928464775,346.436253059408,1.32069082289197,16.5833493558931,0.244406425667118,0,0,0.264263629396686,201.635155850792,76.0934098555314,2.03837977927259,0.469957529763977,9.64711855800965,0.106047350141838,0.395856699874645,0,0,0,0.38304741579797,327.960322380657,0,0,0.904977375565611,5.64852452093121,0,0.301114122252334,477.62962962963,593.473151328873,0,0,14.1977544367983,0,442.361388113283,248.354693453412,342.816787732042,292.675544794189,0,577.400815721172,0,0,0.446378752371387,47.9495268138801,0.451143782177167,64.7794291106393,63.3866797120693,199.412706887347,192.726503858759,512.096463517991,0,416.693275432658,1.68751818446319,6.19892927585235,0,0,105.93852581319,0.285990061845351,0,40.9060626249167,0,395.775405865997,0,390.942655512455,313.344361731458,260.089382448537,365.393738140417,16.6682632436057,0,1.99933355548151,655.101676774884,311.265440883475,0,0,0.70262312633833,0,0,6.53154320667669,0,0,0,355.659980361902,38.7904703726329,390.247795379275,6.07198748043819,55.5123991634299,0.30603501040519,10.0761570005858,445.231658431994,323.739598629467,0.15535669898086,0,395.140664961637,2.67976775346137,0,0,300.728302650213,268.201563857515,0.913659205116492,0.335171699320516,0,0,12.5896414342629,4.72274931477968,37.5890048021196,0,0,699.627620820853,257.79603876949,422.75595359251,0.22848264674298,1254.14130829068,0,0,0,0,840.198410396241,408.510474132942,493.090986394558,0,2.82440543056135,0,230.684730867814,315.358554488989,0,528.47543871094,0,44.3396789401444,0,231.360491929285,0,0,106.556473829201,40.500736377025,645.712699294043,0.386387278941893,0.651536540340971,0,0,0,391.968031968032,0.494046736821303,2.0049177227161,645.737660633659,0,0,461.522675969628,0.529912146144192,0
"Arsenic resistance",113.370507303473,42.4889464035372,0.451793620674076,18.1596929701395,0,0,17.6333021515435,56.6249598973372,0,3.246017966332,0,0,135.477676428229,0,7.70402980020318,0,10.121091632026,0,30.9050772626932,0,0,68.9447805016095,75.28600269179,12.7347686669721,105.410951506642,0.552292011849174,14.808870732419,93.6335010315248,0,52.6096778028772,10.7357947106572,41.8104156398883,0,0,0,0,82.7663777021837,58.6963007159905,23.3389611679412,0,6.15565000732815,0,0.847050851286105,0,0,0,0,80.0638432129468,28.993398216838,49.4290630376975,25.2612405330266,66.0736975857687,0,0,0.183665972817436,6.0401492272162,91.6343669250646,0,0,5.16161787104417,0,0,0,0,0,16.1904761904762,64.8708439065652,0,0,0,55.9222724912853,0,3.17246683330129,0,0,0,0,43.1272355646398,31.0706510983574,5.70746338196325,0,0,0,0,0,1.21625630376743,0,8.26287996935621,65.233863745953,0,0,1.58371040723982,0.263949743968748,0,0,69.7037037037037,67.8900741276442,0,0,1.55740673668961,0,83.8452333466294,59.4619558942385,70.6887274683885,103.056900726392,0,58.3055246570263,0,0,0,47.4237644584648,0,28.7331917905166,20.5465091900203,86.7592098238121,58.0399619410086,81.3622004776948,0,65.96845264704,23.8580157113762,1.59669390438621,0,0,32.8260220829603,0,0,3.26449033977348,0,51.439590994708,0,63.4201056222835,39.840088227185,44.4203683640303,76.3757115749526,9.33997509339975,0,1.91602799066978,97.0388869068855,53.7371207377469,0,0,0,0,0,13.0112487688559,0,0,0,51.1291906298219,0,67.6748733091257,0,25.2763668957275,0,0,45.5859047263913,58.7371512481645,0,0,76.0869565217391,9.37918713711478,0,0,80.7202103985434,57.5152041702867,1.6750418760469,2.62043328559676,0,0,54.6613545816733,8.47564832384567,24.8385494287134,0,0,102.282846272161,56.047197640118,105.638102992062,0,133.811615815566,0,0,0,0,109.009688460869,69.9818679834883,99.8618197278912,0,0,0,66.9168802636397,70.1110483719179,0,82.4254680670624,0,20.8271170257206,0,81.4757878554958,0,0,69.7520661157025,0,68.4936939795352,0,0,0,0,0,66.0939060939061,0,7.11178362020049,104.657893721298,0,0,67.1865380668992,0,0
"Multi-drug resistance",89.1266137341657,128.976598727488,3.67458811481582,26.9587194608256,25.5218960916654,2.90531529815203,29.1393826005613,37.8569136990696,27.2236997635934,34.951309730505,45.7274698393284,10.9740767166106,105.488878220515,3.61464717900361,43.0917710802574,2.23802001053186,5.48225796734743,1.91690791017917,16.3015792154865,7.70336673604704,21.137916987281,51.0806890940606,43.4892328398385,76.042143838754,74.1980775461713,6.2258372244816,51.5757222060111,79.8074486952115,3.25547326442582,46.0111758411604,7.25694834100176,27.9283719402004,2.87591196682106,27.0400307929176,8.59714776979873,0,88.8840118512016,46.0173031026253,64.4552587148674,15.2528103798346,3.15110655137036,8.27883415869656,1.55292656069119,4.9890350877193,25.0887311446318,2.49192431933549,20.043628086371,56.6794105638247,6.46566392159532,21.1168465509151,8.6281276962899,57.4580841107013,4.19270199356217,3.46518229070668,11.5709562874985,80.7425830520519,72.577519379845,15.3579110222256,4.24299108059402,3.55390082924353,4.81267891963656,17.4653636327956,75.8999442227657,8.02675585284281,2.67312250970898,24.4897959183673,67.6686837139697,1.58080045986922,35.1695675578683,3.55640016288856,43.0913001557517,17.8462580426685,25.3797346664103,1.62196991579088,9.64976020927191,6.73783334009823,4.28107079622631,40.4701073071027,4.55175143479121,11.1237296526018,3.48116688714057,21.4521452145215,2.38606537819136,5.41004156495349,2.88402114948843,4.50904776030851,1.45294917769259,2.27092396508796,46.7727491906041,2.20965936809481,4.57803176206864,3.789592760181,6.54595365042496,49.9298052859672,1.88196326407709,51.8888888888889,168.685590309167,5.89763802516715,2.28563512951932,28.54038391887,2.55260864151413,55.045871559633,59.4619558942385,52.1926284638149,19.8244552058111,30.6526259306459,172.228401928068,4.38867780035934,4.73511933136302,33.2924152810326,16.6140904311251,31.0758452311448,26.5156876621845,5.87043119714865,60.5979711692472,34.1473728723967,56.6299406733955,1.17907674717736,67.7246312025033,2.90951411114344,2.06630975861745,23.0577415071732,18.3880640150284,224.808514871183,8.86569191720588,5.65425614089294,81.9453697534977,7.39628517406295,61.4404879361378,2.39596469104666,47.3898210029443,192.169837331128,108.545503791983,54.9098671726755,4.40655235175783,6.89793348216841,3.94313006775519,74.3845879414913,44.4583594239198,2.3238046730757,3.00697618474862,4.95182012847966,3.09382834586867,5.3220277827891,4.8727385827588,22.9829481352545,1.9809053711762,3.54437754903865,56.9504839388414,10.1071805409008,51.7936235585172,4.63223787167449,5.55721541679116,8.38535928510221,6.91271236086702,50.0605947608837,116.886930983847,3.23141933880189,3.19714996917034,47.5886006576544,17.4184903974989,3.25069960708935,9.71633694097325,45.6200687841392,55.1694178974805,5.10126389523374,3.71735884700935,1.59879620050785,7.9860244571999,15.9362549800797,3.24689015391103,10.2114036540266,3.13313005287157,2.47154670002746,76.7424917024205,42.5621576064054,87.5228984327295,4.91237690497407,89.8996412881383,13.3613954526611,1.04588394062078,0,0.997708964599808,76.7534953878285,56.1706724277613,51.7113095238095,2.21313742968678,85.6629328882755,1.93561242207737,56.2980593189308,45.2663278750235,2.32148874826824,61.6478570030661,23.3423682187791,10.3240436832369,1.97306113858781,49.3850883935434,4.19211261774143,0,33.3884297520661,42.7098674521355,39.8588085983977,0.832218754644078,1.76457813009013,5.76936129776692,16.3431750648037,0.753889383866767,51.4285714285714,4.8910626945309,3.36674862871194,80.7702697487748,0.778595696489241,3.07528084176282,53.9708598399343,7.53033049783852,6.73027773044812
"Acid resistance",160.555185162737,38.6067076458536,0.662630643655312,10.0159131330151,0,0.14288435892551,0.9822263797942,69.6182226499839,0,1.50977579829395,0,0,192.35077612418,0,3.21706738909583,0,1.3856256400988,0,22.6693835965359,0,0,99.013053167781,63.1729475100942,0,61.2377146560104,0,1.45900204260286,138.115747945999,0,78.1119961954583,0.935173755283732,18.4820108427797,0,0,0,0,106.496214199495,48.7768496420048,11.1232495779124,0,0,0,0,0,0.133096716947649,0,0,114.175420363015,9.80058531273395,12.3572657594244,6.61489790048893,94.6477825642297,0,0,0,1.776514478593,117.764857881137,0,0,2.62311727872736,0,0,0.257433389110568,0,0,0,83.2194677597762,0,0,0,51.1755544018393,2.81070098205215,10.5268217650452,0,0,0,0,41.1854879918242,24.3419750643182,0,0,0,0,0.131952233291548,3.227357000618,0.504301394245031,0,0,55.3833436660467,0,0,0.395927601809955,0,0,0,114.481481481481,38.0582173205569,0,0,1.01412531691416,0,55.4447546868767,80.7066158642189,63.8956147430724,37.0762711864407,0,47.1820541342232,0,0,0,13.1440588853838,0.159227217239,0.188723755602736,8.94541896708365,23.3582487987186,48.736652923142,111.449264196009,0,88.2878855610192,4.07331975560082,2.53592561284869,0,0,12.6330448622302,0.142995030922675,0,5.99600266489007,0,88.8868956857117,0,97.5837734261813,41.9079128756548,61.4165763813651,59.8908918406072,1.43691924513842,0,0,148.162682839814,67.6837251665054,0,0,0,0,0,0,0,0,0,71.4686491794081,0,83.6359283348629,0,0,0,2.18707283733646,77.5612939312016,62.6529613313754,0,0,54.530507855316,0,0,0,56.1399959538742,64.3788010425717,0,0,0,0,0,0.632511068943707,2.31826461334658,0,0,164.089694810977,55.0990307627476,87.0479679761178,0,187.850147112168,0,0,0,0,145.036839357197,80.4367115466224,74.7767857142857,0,0,0,24.8077627242768,65.0291737248259,0,120.327483854133,0,10.6821030017306,0,9.41583397386626,0,0,20.1652892561983,0,70.8336638375506,0,0,0,0,0,87.032967032967,0,0,142.862655809825,0,0,100.184691155346,0,0
"Bacitracin",18.6071883144433,4.52927855063086,0,1.6849199663016,0,0,0,5.61437279435355,0,0,0,0,27.1083373339734,0,1.52387402641382,0,0,0,0,0,0,12.5579256429304,10.4306864064603,0,17.2804838535479,0,0,17.1920807846828,0,5.82570443466889,0,0,0,0,0,0,15.1157686821025,4.25119331742243,0,0,0,0,0,0,0,0,0,16.1092758249508,0,2.81557954012201,1.67769149650081,13.6362227662937,0,0,0,0,14.8255813953488,0,0,0,0,0,0,0,0,0,9.69484026286681,0,0,0,3.3375361566417,0,0,0,0,0,0,4.90546755237609,0,0,0,0,0,0,0,0,0,0,12.6059103120479,0,0,0,0,0,0,14.5925925925926,7.68396311697704,0,0,0,0,8.77542879936179,3.00196282184505,7.46569814366424,8.32324455205811,0,10.752688172043,0,0,0,0,0,0,0,4.93860117458623,3.80589914367269,15.9488404345481,0,11.7185005428188,0,0,0,0,0,0,0,1.6655562958028,0,9.05910844021885,0,11.3567322521849,4.41135925006893,8.39653304442037,10.3178368121442,0,0,0,17.6061362825544,8.36796265725508,0,0,0,0,0,0,0,0,0,8.90728012343947,0,13.0082598459758,0,0,0,0,8.01715297846555,11.4537444933921,0,0,7.12458896602119,0,0,0,4.95650414727898,3.47523892267593,0,0,0,0,0,0,1.32472263619805,0,0,19.0844329312718,5.1622418879056,9.90569238075853,0,26.2988190721857,0,0,0,0,19.9570690955503,11.6507850777362,9.88520408163265,0,0,0,4.39399487367265,12.0459250894034,0,16.2437210516015,0,2.86447454795011,0,3.36279784780938,0,0,3.41597796143251,0,9.95478702308241,0,0,0,0,0,11.5084915084915,0,0,16.5939875738047,0,0,15.7603119228401,0,0
"Drug and biocide and metal resistance",298.321110370326,73.3311765340235,0,36.506599269868,0,0,0,156.56079563683,0,9.43609873933721,0,0,356.569051048168,0,29.7155435150694,0,0,0,56.9706231957888,0,0,181.046375888783,128.280619111709,0,111.675126903553,0,21.7391304347826,263.346483767056,0,163.357508025205,0,20.864136684738,0,0,0,0,212.224294963239,114.036396181384,20.5581487734631,0,0,0,0,0,0,0,0,223.228536431461,15.3814741713741,54.4345377756922,16.2496404946793,188.272848420987,0,0,0,4.7965890922011,243.701550387597,0,0,0,0,0,0,0,0,0,149.651896675125,0,0,0,106.207817251354,0,0,0,0,0,0,80.1226366888094,41.5594696220067,0,0,0,0,0,0,0,0,0,128.814493352621,0,0,0,0,0,0,238.074074074074,87.4163804013741,0,0,0.905469032959073,0,120.702034303949,120.655813416465,120.729082593489,60.8353510895884,0,100.482017055988,0,0,0,0,0,0,18.6595848766511,99.572877736252,90.8129823448568,216.542106479698,0,166.389935500351,7.09921443118999,1.22100122100122,0,0,30.4386750223814,0.965216458728059,0,1.6655562958028,0,170.19463629025,0,185.306351357667,73.0631375792666,116.332611050921,129.150853889943,2.730146565763,0,0,288.298251872993,137.359822394262,0,0,0,0,0,0,0,0,0,173.095805863375,0,174.0154024181,0,0,0,0,155.775146825767,125.501713166911,0,0,125.411033978809,1.42920946851273,0,0,118.854946388833,185.403996524761,3.80691335465205,0,0,0,0,6.32511068943707,14.019981233096,0,0,290.030761758277,140.750105351875,184.612253205781,0,329.91415098142,0,0,0,0,273.394442188316,171.251109139308,166.772959183673,0,0,0,95.8440131819846,133.446263881046,0,211.298845325853,0,22.4383839589425,0,74.3658724058417,0,0,60.4958677685951,0,135.36130721028,0,0,0,0,0,174.025974025974,0,0,274.80415235596,0,0,197.701621177919,0,0
"Drug and biocide resistance",989.544820898236,212.768251914159,3.73482726423903,114.012917719742,0,0.14288435892551,10.3835360149673,407.4430542188,0,20.985883596286,0.389169956079391,0,1130.38886221795,0,45.8008804605486,0,8.795710584975,0,153.676345729326,0,0,577.381584067353,405.955585464334,1.32844709115896,403.823307052598,2.51041823567806,47.1987160782025,799.522241123457,0,408.869337771965,3.36662551902143,89.6993592902908,0,0,0,0,714.034895204652,291.691527446301,58.4963750124143,0,0,0,0,1.2609649122807,0,0.123057991078296,0,671.430162206303,38.8620431497992,125.136868449867,17.4959256063656,577.02916292187,0,0,0,37.8397583940309,727.680878552972,0.528281951624467,0,22.0849551531562,0,0,0.986827991590509,0,0,14.0136054421769,429.956405751838,0,0,0,340.20618556701,4.74094141550965,13.5070178811767,0,0,0.32471485976377,0,225.958099131323,86.0874727884425,0,0,0,0,0,0,0.504301394245031,0,0,262.313150099883,0,0,2.09276018099548,1.16137887346249,0,0,596.37037037037,285.391430121135,0,0,10.7207533502354,0,357.319505384922,338.875418542893,341.67339252085,218.371670702179,0,310.159436410827,0,0,0,63.6172450052576,0.5572952603365,26.5156876621845,40.4640436089175,225.44046983449,248.334919124643,638.608521457739,0,532.058241267003,35.2051207448356,1.22100122100122,0,0,95.3944096289665,0.679226396882708,0,47.7015323117921,0,509.686967441026,0,548.955461045941,196.994761510891,412.378114842903,388.164136622391,12.8843758980745,0,2.97123181161835,910.149839457724,451.699208743667,0,0,0,0,0,0,0,0,0,457.848225557582,0,525.398028809704,0,8.0071706005378,0,6.60027338410467,463.876200242379,326.089084679393,0,0,335.769090244794,1.78651183564091,0,0,314.788589925147,344.569939183319,12.2582610019796,0.182820926902099,0,0,3.24037184594954,10.6683533628505,45.7029309488326,0,0,931.028899862382,385.061104087653,459.257751543524,0,1116.33952682278,0,0,0,0,982.711608748622,519.733034990934,497.555272108843,0,0,0,277.64555108019,428.947863730473,0,656.23980690195,0,45.8315927672018,0,99.1544965411222,0,0,200.110192837466,1.47275405007364,423.693186325058,0,0,0,0,0,526.833166833167,0,0,811.291629683942,0,0,608.16745331418,0,0
"Copper resistance",203.163828110795,51.7631834357813,0.481913195385681,13.7601797247964,0,1.09544675176224,2.29186155285313,82.130253448829,0,18.0418207896127,0,0,237.734037445991,0,22.8581103962072,0,251.822398939695,5.39863860417808,36.5936491764306,0,0,118.2213732357,126.850605652759,0.732936326156665,170.860784101955,18.5268865793041,10.723665013131,162.836150421658,0,92.7357032457496,1.42146410803127,17.2498767865944,0,0,0,0,131.926917590256,57.5029832935561,14.9965239845069,0,0,0,0,0,0,0.430702968774035,0,148.138524924836,8.50745252841489,71.6408571875489,16.8248490077653,136.424210493693,0,0,0.489775927513163,16.8768875466335,157.558139534884,0.150937700464133,0,11.8040277542731,4.31481558312243,0,0,0,0.453926463912846,8.50340136054422,107.293903311862,0,0,0,92.635170214344,0,11.4881753508941,0,0,0,0,57.3326520183955,12.6657431228973,0,0,16.4699162223915,0,4.58534010688131,0.96134038316281,0,0,0,76.6687332093408,0,0,0,15.5730348941562,0,0,130.666666666667,449.918640390526,0,0.138523341182989,0,0,201.356202632629,83.0158180348689,158.797417271994,114.10411622276,0,483.778272154245,0,0,0,171.819137749737,0,88.6529841943855,18.5896987909707,93.8334223171383,55.8198541071995,130.017720933816,0,118.74960086851,2.15304044224614,3.75692683384991,0,0,46.3543220929076,0.536231365960033,0,18.9207195203198,17.1838505171838,121.04224594134,0,113.427115950834,81.4722911497105,75.9750812567714,150.260910815939,1.29322732062458,0,0.999666777740753,180.288976097039,97.910855581488,0,0,0,0,0,30.7915608314758,0.612448828288689,0,0,116.846682564175,71.2778363969567,117.433462351861,20.1564945226917,25.9336719450254,0,5.27240773286468,118.019949659737,94.273127753304,0,0,163.500182681768,2.36712818222421,0,0,139.287881853126,70.8948740225891,0,3.8087693104604,0,0,0,0.548176259751212,12.2536843848319,0,0,195.863353031652,84.8082595870206,113.033448673587,0,474.537503526662,0,0,0,0,191.796716365957,112.572817406736,160.342261904762,0,0,0,65.2691321860125,137.587050630529,0,142.866462261074,0,8.77245330309721,0,142.966948501153,0,0,49.0358126721763,0,448.243039581185,0,0,0,0,0,136.983016983017,0.938688799960476,0,178.674796434222,0,0,129.283808742048,0,0
"betalactams",125.674283289896,144.936913620188,125.598626547393,75.3533651595994,33.9664102966567,87.6833682606211,75.912067352666,69.2974013474495,16.3637706855792,97.9844493092776,57.4025685217101,45.1194237760337,141.686669867179,18.2752969174468,57.907213003725,35.2159031068984,317.067293210434,123.542758782568,228.137204958397,44.803982576229,67.2158602272213,97.6334500689802,232.923956931359,57.2606504809895,160.384490765741,71.295877893257,94.4703822585352,120.851279452749,48.2623911451127,46.0111758411604,45.299816705944,105.470675209463,53.6130536130536,39.2128560431101,62.2028926873673,0,91.9839789311972,147.971360381862,115.105770185719,106.224929430991,54.1917045287996,62.0345518466714,69.4581698054607,8.7719298245614,32.586512866016,74.1424396246731,33.3849704403908,84.7036115957091,78.268563261417,253.715000782105,52.7274470328828,72.7678433074039,40.9532310855041,56.5856895344122,79.4049222480715,133.149760170545,91.0852713178295,27.4706614844723,33.6701872847138,90.3706210864783,83.1431771978592,65.3479335923702,20.0798043506243,26.5328874024526,76.3100822111262,75.1700680272109,44.7003708764396,38.8373931163325,51.7674502063521,48.32360526673,163.539271675443,61.8692854724009,80.2249567390886,48.9035038993934,63.0140967882575,139.221496123716,29.9410692106445,168.318855390904,139.026320997427,29.148830843598,42.0873076655295,25.6410256410256,23.4894880564172,48.3934815596754,59.5001030007553,43.4885790566597,51.4714974650674,39.1255574707926,322.105118137356,34.4362498923867,63.650427809175,61.4819004524887,91.1682415668057,60.5709170074671,116.531165311653,65.8148148148148,126.468992948834,18.3352310881434,55.4439673084915,25.9326331039478,36.6704021915079,134.742720382928,59.115575568641,243.677697067528,181.749394673123,22.5031859950366,251.946607341491,58.908426850461,36.8640162710141,37.9793921809322,197.686645636172,13.2689347699167,142.06180702996,82.3956950171221,359.183128670582,150.121577333756,89.9144772324524,83.7144490495927,50.3863592822019,102.414896712249,35.9725744341129,45.7592538618479,16.58177088978,161.842236148413,50.9777285239338,65.8427313455894,53.2978014656895,117.450784117451,71.1274553771639,73.297604035309,144.739916810768,45.7678522194651,90.3981581798483,208.372865275142,175.256250598716,51.8060564428416,57.3975341552816,81.9300749197289,55.0463938065691,56.7899662570828,66.6345922540293,74.1434689507495,74.0918546967515,56.2195561970052,31.3099372764502,60.1166876188634,61.1807494966552,31.3653136531365,322.415486042923,124.257233298162,96.8037987310961,38.7480438184663,151.419181356439,55.2087158770963,16.6764303846905,80.4511979118113,55.6045031815957,37.6273924931643,56.6352280253032,143.039824625502,75.1228226887003,53.1136048845295,44.0473941324121,333.09730932632,64.2919200695048,28.6279884269834,92.5683293214296,45.8478322204458,20.672157058481,29.4820717131474,66.3714948344929,137.715957388089,27.9743754720676,88.1213193787569,180.765805877115,50.4635482511589,62.6908202727458,22.2085132634176,187.084357744549,59.0898944481648,71.3562753036437,19.1588785046729,39.5018845613776,179.845680802924,85.9534740172061,351.987670068027,37.2544800663941,15.1811791892673,54.5102615923259,244.049798608568,166.760775456428,54.2928820159509,84.2194533237654,75.2053076580768,184.639255236618,68.5836051773124,162.27901614143,198.426663906428,0,229.972451790634,343.888070692194,175.101134290474,95.110714816466,36.9475513085026,75.0356342903686,13.9406967187204,42.629017887739,55.8641358641359,98.9081567116249,32.1165121997352,112.684752826766,26.507644394111,37.8691607787323,100.184691155346,30.2328824431739,46.5581870846822
"Glycopeptides",2.30316988908419,1.72543944785938,0.783108942501732,2.05934662547973,1.00455187568671,0,2.71281571562208,2.24574911774142,0.775709219858156,20.8349060164566,0.416967810085061,0.81541127306085,2.91246599455913,1.1001100110011,2.53979004402303,1.81016324381253,71.3898427616121,1.29097879665128,7.13194090677534,1.11580799519344,1.90105463268909,18.0055891612721,16.3189771197847,2.38204306000916,9.18025704719732,2.91208515338655,0.72950102130143,2.42498823699736,0.854561731911777,0,4.07735757303707,6.07852801051421,1.57418339236521,0,0.581571760898149,0,11.0830681444091,5.22076372315036,0.595888370245307,0.594265339474075,7.98768869998534,3.1754432389521,1.29881130530536,24.6710526315789,2.61756876663709,0.584525457621904,2.68723720400873,5.04806800044542,8.37133328796025,5.94400125136868,9.87441280797622,46.208200328509,1.86642862939219,3.98127327017363,2.44887963756581,11.5473441108545,3.16537467700258,0.754688502320667,2.1671191003034,6.55779319681841,12.4465834128532,2.62961654696024,1.07263912129403,0.668896321070234,7.91849498159076,76.1904761904762,8.58871754831154,0,1.28596207907171,0.32577711415773,8.90009641771119,2.33660684050119,0.721015189386656,0.644344213122403,0.930097369568377,0.892965864350367,2.03482994635448,6.33622892181911,6.23392044330101,3.72732302495559,1.56652509921326,0.92028433612592,0.424189400567353,0.956653691363726,1.03000755338872,1.63156333432216,1.45294917769259,0.32832635639826,0.413308534821244,1.00439062186128,0.568307391153348,2.31900452488688,1.42532861743124,5.96146411931067,2.74766636555254,1298.33333333333,3.79678177544748,0,0.865770882393683,1.41253169141615,0,44.3558037495014,3.11742293037755,3.02663438256659,2.42130750605327,0.737809376886444,0,3.56395982445289,2.22455270600947,0.967153963471339,3.68033648790747,0,0,2.44601299881194,3.33689268553123,5.60312929485146,0,0.643132771187652,27.2367328692765,1.57113762001746,4.41438902977364,0.161922342044755,1.22827932516889,3.28260220829603,3.61062453079755,0.772439363509964,2.19853431045969,34.1452563674786,1.92842407390797,2.45901639344262,12.8055334860027,0.827129859387924,8.59967497291441,3.20208728652751,0.478973081712808,2.86221306314042,2.16594468510497,6.51088119871566,21.8022428416918,0,0.44102317376313,1.60599571734475,1.49357230490212,0.856936676889771,0.466538800476906,0.58021467943139,6.00766383061635,0.364148378325889,3.43666713424043,1.02737824179486,0.917760663979889,2.06572769953052,7.23035554227667,0,1.21070103495411,48.3825859979491,0.881057268722467,2.42356450410142,1.27885998766814,41.1947387650712,0,0.763207733838369,1.59239966532617,4.04612583451345,14.8566463944396,0.609106136744328,1.00551509796155,3.10354556569171,0.415938773812495,1.00929614873838,1.56019397006114,0.331180659049511,1.34277002265924,2.22744332224697,0.121427993200032,31.3948588284871,0,1.32519935110928,0.594494377493854,0.860996843011576,1.31578947368421,0,6.72529746508019,6.49765040320241,7.71575170711007,2.55102040816327,0.245904158854087,0.802387906409475,4.95289060943326,6.59099231050897,0.376435159043855,1.87216834537762,0,0.242728265706542,2.14835591096258,0.578764600652426,2.30591852421214,1.65614325639168,0,5.50964187327824,0,0,1.99138059146976,1.73743077424259,1.83262064752596,1.32768540178289,1.71338496333356,12.8671328671329,2.37142433674226,1.3996595422735,3.4345695210898,1.69875424688562,1.32160829563361,19.4130925507901,0.195230790684702,1.74646447435679
"Phenicol",1.09097521061883,0,0,0,0,2.19089350352448,0,1.12287455887071,0,0,0,0,1.0241638662186,0,0,0,4.75932285077414,0,0,0.321867690921185,0,0,2.27119784656797,0,4.42812398747165,0.652708741276297,0,0,0,0,0,0,0.968728241455514,0,0,0,2.38670031822671,0,0,0,0,0,0,0.822368421052632,0,0.646054453161052,0,0,0,0,0,1.14668236898379,0.459844734777787,0.368636413904966,0,0,2.1640826873385,0,0.342176700047905,1.35386698256896,1.28614695266149,0,0,0,0,1.08843537414966,4.16422669009044,0,0,0,0,0,0,0.822094340880308,1.13355616916146,1.62357429881885,0.845643614069396,0,0,0,0.748450880735222,0,0,1.08860592465527,0.721005287372107,0,0.86558674415729,0,1.51546462767789,0.459149998565156,0,0,0,1.34285539888909,1.27973501957242,0,1.08479479298499,0,0,0,0,8.93498205025927,1.27006119385752,2.82485875706215,5.29661016949153,0,1.66852057842047,0,0,0,0,0,1.41542816702052,0,0,0,0,1.03615835358011,4.7895778785363,0,1.03315487930873,0,0,0,0,0,0,0,0.493317786348552,0.819672131147541,0.467355236715427,0,1.01570964247021,0,0,0.88728604957353,0,2.30110595790225,1.87852222917971,0,0,0,0.320051208193311,0,1.91799284640506,0,0.714424887965188,0.995338900757429,4.83938841352223,1.02737824179486,0,0,0,0.703880523931938,0,1.67800876293465,0,0,0,0,0,0.876275546258869,0,4.55189156382764,0.868809730668983,0,0,0,0,0,1.56019397006114,0,0,0,2.08451388326722,7.37463126843658,8.34520659474862,0,0,0,0.809716599190283,0,0,25.8745721413239,0,17.8039965986395,0,0,0,4.48553643354083,0,0.973527539596361,0.619740361406484,0,0,0.683994528043776,0,0,0,0,102.356406480118,0,0.594441967602913,0,0,0,0,3.43656343656344,0.988093473642607,0.453943635331946,0,0,0,2.70880361173815,0,0
"Biguanide resistance",0,0,0,0,0,0,0,0,0,0,0,0,0,0,0,0,0,0,0,0,0,0,0,0,0,0,0,0,0,0,0,0,0,0,0,0,0,0,0,0,0,0,0,0,0,0,0,0,0,0,0,0,0,0,0,0,0,0,0,0,0,0,0,0,0,0,0,0,0,0,0,0,0,0,0,0,0,0,0,0,0,0,0,0,0,0,0,0,0,0,0,0,0,0,0,0,0,0,0,0,0,0,0,0,0,0,0,0,0,0,0,0,2.73649445623968,0,0,0,0,0,0,5.5862670933954,0,0,0,0,0,0,0,0,0,0,0,0,0,0,0,0,0,0,0,0,0,0,0,0,0,0,0,0,0,0,0,0,0,0,0,0,0,0,0,0,0,0,0,0,0,0,0,0,0,0,0,0,0,0,0,0,0,0,0,0,0,0,0,0,0,0,0,0,0,0,0,0,0,0,0,0,7.49423520368947,0,0,0,0,0,0,0,0,0,0,0,0,0,0,0,0,0,0,0
"MLS",519.940602460755,3440.31057910062,1181.47043763742,2375.54993915567,697.943807879454,796.199276052582,975.865294667914,1747.99486685916,656.804078014184,2273.64686344078,966.392394507144,811.368192165257,769.083053288526,848.588940526706,1713.85032170674,813.158241179568,1748.65955780469,704.131132149284,2211.41110545084,845.997038817243,749.377630923822,966.39428349075,1688.08882907133,1419.19377004123,2022.14061993736,1244.16327760205,1476.94776772687,519.779941365956,862.822495320257,1448.99536321484,1075.26278382523,2547.47823229834,892.017073835256,607.727097767514,820.420754526145,621.212121212122,611.873148249753,2066.0799522673,2113.51673453173,1073.63937998316,615.161952220431,1114.58057687219,983.962503882316,955.811403508772,804.015084294587,714.320873711737,673.358414213904,1158.23466092573,1925.2705369904,2602.53402158611,918.79973156936,1011.34285802833,868.809002136926,779.297378995097,1167.28909024121,1747.64611831586,1127.58397932817,998.603826270707,833.679311996715,754.56930106617,862.838650790358,742.925546528514,1095.25035397091,880.713489409142,728.804155948958,1622.44897959184,2084.91118485263,874.793418121722,858.873138345595,802.47047644903,1803.60453904917,1528.58110396207,1409.82503364738,908.169840247073,851.18442086906,1118.60210252872,902.72455801908,3084.31272355646,2252.22640015832,734.311755627384,1002.88936851633,664.032749428789,1175.19022243432,658.276703833212,876.124424912449,813.408484129338,821.72004451589,961.476374182604,2940.34580147413,638.620254254312,965.775265999432,998.868778280543,1019.37391120731,952.857636981424,999.096657633243,295.740740740741,3521.60549629362,745.99281772795,951.031998891813,814.16153567548,752.023409289005,1390.74591144795,15965.2465073317,2224.50901264461,1496.06537530266,1022.3690388356,2451.79829440119,740.478925510294,664.569231258144,927.017073987278,1894.84752891693,783.981741945757,910.3562160887,2062.68781885527,2580.48585157501,2801.8818056877,1556.55289313506,962.98413605831,807.139664090938,1394.47192318883,1755.33013994552,721.493571683021,875.401900220368,3452.89963195066,846.6020805777,699.273906998301,1368.28780812791,992.714937159382,1465.82653152749,602.427490542245,1338.87928214236,3551.55776123518,1250.06771397616,1829.34060721063,1723.63253185171,736.24706623161,928.301677218705,669.835890117731,867.080321056527,832.877061182912,908.748296046829,874.397751605995,706.353016482637,764.567923507126,794.256388989684,784.579183186668,655.06267454699,948.436589629054,1890.2370598962,1050.59143666352,1424.36455049679,949.859154929577,2005.8559904392,762.914677439099,972.583479789104,820.8259532022,2171.7082721488,830.381556052697,769.599671150289,1657.10632078919,1043.45690040197,1000.65013992142,800.140347089147,2498.28039652033,1410.25195482189,1888.22902390742,816.84390139858,882.958713439293,847.184094501289,851.420982735724,1456.88382880034,1528.23315118397,781.576076314096,912.061758154578,538.877195822877,1718.39443742099,1299.34188208155,598.441748349213,322.367095240014,1044.13406039733,609.041835357625,589.252336448598,691.486216835415,772.031095898358,1952.31665445006,1702.91241496599,920.880336888698,1227.46092370896,972.417522985398,7437.01940681069,1705.06305288914,656.681768824653,626.068236675582,912.941462033254,1427.94056215313,966.931495317268,2305.63028439662,1835.16199151227,0,2653.99449035813,442.562592047128,789.323391766479,813.196611680784,1018.10728635031,752.528337745198,786.27426187014,481.735316290864,483.076923076923,964.52744429623,1161.75524872328,484.119939798557,751.274065685164,993.391958521832,872.357890416581,814.502858736578,991.139887544727
"Sodium resistance",73.5196072489242,10.5683166181387,0,10.6711597865768,0,0,0,35.9319858838627,0,0,0,0,89.4543126900304,0,2.28581103962072,0,0,0,4.16029886228562,0,0,40.8928508259931,23.721399730821,0,25.5967167080678,0,1.75080245112343,63.9183466647363,0,26.4534538104863,0.897766805072382,6.32495482175127,0,0,0,0,50.4499067266542,24.3138424821002,5.66093951733042,0,0,0,0,0,0,0,0,47.5854645336105,3.81133873272987,0,0,45.0305265441473,0,0,0,4.53011192041215,51.7118863049096,0,0,0,0,0,0,0,0,0,30.906369965515,0,0,0,17.7260253652748,0,0,0,0,0,0,12.2636688809402,2.86958242628142,0,0,0,0,0,0,0,0,0,16.4634566370462,0,0,0,0,0,0,45.2962962962963,15.0967275357078,0,0,0,0,26.4858396489829,24.2466227918254,25.894538606403,19.6731234866828,0,20.9492028179459,0,0,0,10.1997896950578,0,0,2.65567125585296,20.4217832354511,17.0208267258695,49.1178056861083,0,37.8057347212466,0,0,0,0,9.05202427136178,0,0,3.73084610259827,0,31.123867611445,0,39.865401691826,18.334711883099,27.3564463705309,27.6328273244782,2.39486540856404,0,0,67.6061362825544,30.1702054989469,0,0,0,0,0,0,0,0,0,32.8236779351943,0,40.3415665775508,0,0,0,0,32.6279481681738,21.9285364659814,0,0,25.5754475703325,0,0,0,20.1294760267044,25.2823631624674,0,0,0,0,0,0,0,0,0,69.8413340888853,13.1689844079225,33.5165207951693,0,83.8539357543025,0,0,0,0,62.8879735452805,33.6406774429999,37.6806972789116,0,0,0,16.3859392164042,26.0681347637869,0,56.5920803705395,0,0,0,9.5119139123751,0,0,13.66391184573,0,32.8785595304196,0,0,0,0,0,34.8851148851149,0,0,64.832323544167,0,0,44.2027498460907,0,0
"Trimethoprim",4.39420570943694,0,0,0,0,0,0,0,0,0,0,0,0,1.18991490985833,0,0,0,0,0,0,0,2.54695956701687,2.18707940780619,0,0,0,0,3.11267146838467,0,0,0,0,0,0,1.82057246889855,0,9.95830132777351,0.671241050119332,0,0.297132669737038,0,0,0,0,0,0,0,1.44760773542185,0,0,0.719010641357492,4.80366938358075,0,0,0.091832986408718,0,0.613695090439276,0,0,0,0,0,0,0,0,0,2.08211334504522,0,0,0,0,0,0,0,0,0,0,0,0,0,0,0,0,0,0,0,0,0,0,0,0,0.282805429864253,1.63648841260624,1.03766099005066,0.338753387533875,0,0,0,0,0,0,2.31352213801356,3.00196282184505,1.74872208770514,0,0,0,0,0,0,0,0,0,0,0,0,0,0,1.40494284437065,0,0,0,0,0,0,0,0,1.39027916805695,2.87021257511884,0,5.98214702995747,0,4.33369447453954,0,0,0,0.222148172831278,2.21191580449518,4.09859395457392,0,0,0,0,0,0,0,0,0,1.12217702342545,0.277669795079691,1.79561869039544,0,0,0.336638511445709,0,1.1186725086231,0,0,0,2.55754475703325,0,0,0,0,2.69331016507385,0,0,0,0,0,0,0.772754871115527,0,0,0.161903990933377,0.842815002107037,0,0,0,0,0,0,0.517330574236937,2.37860416545803,0,4.41113945578231,0,0,0,0,0,0,0.260943310065888,0,0,0,2.40199846272098,0,0,0,0,0,0,0,0,0,0,1.15884115884116,0,0,7.33222706749508,0,0,1.31335932690335,0,0
"Biocide and metal resistance",152.706224619674,37.9596678529063,0.0903587241348152,20.0318262660301,0,1.52409982853877,5.00467726847521,67.0516522297081,0,3.54797312599079,0.250180686051037,0,175.996159385502,0,3.13240772096173,0,7.22935116573288,0,19.5279334352182,0,0,92.7871520039619,60.4811574697174,0.503893724232707,62.9657630413652,1.40583421197972,8.3163116428363,128.090050309457,0,63.6666270360243,2.7307073654285,6.89995071463775,0,0,0,0,91.5450455393394,48.4785202863962,9.63352865229913,0.297132669737038,0,0,0,0,0,0.246115982156591,0,98.7713893322446,8.03103518682366,26.4351634600344,2.49257022337264,87.3028171196578,0,0,0,3.46420323325635,111.627906976744,0.6792196520886,0,0,0,0,1.75912815892221,0,0,4.01360544217687,67.0180232936431,0,0,0,47.5413483646073,0.711141212326448,1.58623341665064,0,0,0.243536144822827,0,31.8855390904446,11.9730852958638,0,0,0.317339426250317,0,0,6.18004532033235,1.09759715218036,0,0,32.7202590066818,0,0,0,0,0,0,93.4074074074074,43.662990417646,0,0,1.62984425932633,0,56.5616274431592,42.8357002655583,65.5770782889427,35.865617433414,0,56.4516129032258,0,0.317793243715639,0,5.88853838065195,0.424605912637333,0,4.75225382626319,59.6636412172985,41.7591711597421,102.087988288774,0,84.2007791046682,0,0.375692683384991,0.356229152498462,0,13.2298816273749,0.393236335037357,0,3.59760159893404,0,69.2438783747421,0,77.0201430107024,31.0173697270471,54.1034669555796,51.2333965844402,1.0058434715969,0,0,137.263646093471,59.4865372573576,0,0,0,0,0,0,0.354575637430294,0,0,76.5885818487867,0,77.4111168748254,0,2.44995518374664,0,2.14801796524116,66.1881234268668,50.709740577582,0,0,58.0014614541469,0.893255917820456,0,0,50.4754197855553,42.0503909643788,0,0.639873244157348,0,0,0,4.04807084123972,9.76982944196059,0,0,140.694568121104,45.6173619890434,63.7085283940566,0,179.587682882592,0,0,0,0,128.009514416662,72.9524323907257,85.7780612244898,0,0.834483422665854,0,41.9260344196265,79.7101449275362,0,103.888055319982,0,13.606254102763,0,9.22367409684858,0,0,30.7438016528926,0,63.2585071785516,0,0,0,0,0,84.6753246753247,0,0.718744089275582,137.344190174816,0,0,92.7560024625487,0,0
"Quaternary Ammonium Compounds (QACs) resistance",7.51560700648524,0,0,0,0,0,0,0,0,0,0,0,0,0,0,0,0,0,0,0,0,2.93607838975556,0,0,0,0,0,8.21600492236418,0,0,0,0,0,0,0,0,17.0086689344892,0,0,0,0,0,0,0,0,0,0,1.59608032367024,0,0,0,8.305699321288,0,0,0,0,0,0,0,0,0,0,0,0,0,0,2.86290584943718,0,0,0,0,0,0,0,0,0,0,0,0,0,0,0,0,0,0,0,0,0,0,0,0,0,0,0,0,0,0,0,0,0,0,0,6.00392564369011,5.04439063761098,0,0,0,0,0,0,0,0,0,0,0,0,0,0,1.97969218979501,0,0,0,0,0,0,0,0,0,4.70894250605436,0,0,0,9.41224268689057,0,0,0,0,3.56760613628255,9.9049353902203,0,0,0,0,0,0,0,0,0,0,0,4.70851123259247,0,0,0,0,2.33056772629813,0,0,0,0,0,0,0,0,2.95395308427454,0,0,0,0,0,0,0,0,0,0,0,0,0,0,0,0,0,0,2.32058942971515,0,0,0,0,0,0,0,0,0,0,0,0,0,0,0,0,0,0,0,0,0,0,0,3.23676323676324,0,0,0.501678694091769,0,0,1.68274163759491,0,0
"Cationic antimicrobial peptides",71.1558276259167,11.9702361695244,0,8.33099316671347,0,0,1.30963517305893,32.8841835097851,0,5.81263682343172,0,0,72.5236037766043,0,5.75685743311886,0,0,0,5.51876379690949,0,0,57.8018323959107,34.9932705248991,0,33.3729344421644,0,8.3163116428363,56.1004741394911,0,42.5038639876352,4.37661317472786,2.29998357154592,0,0,0,0,54.8666739822232,34.8299522673031,13.5068030588936,0,0,0,0,29.6052631578947,0,0,0,47.2514012100516,4.6280541754577,0,0,70.9393498001054,0,0,3.61209746540958,7.01723219044235,65.5361757105943,0,0,0,0,0,0,0,0,5.10204081632653,38.3889647992713,0,0,0,27.8869687754951,0,0,0,0,0,0,20.2350536535514,18.4049079754601,0,0,0,0,0,0,4.24206466923761,0,0,27.0028242749879,0,0,0,0,0,0,32.5925925925926,31.7302476948111,0,0,3.33212604128939,0,21.3801356202633,15.3561944348228,27.3742265267689,9.68523002421307,0,28.0867630700779,0,0,0,9.77917981072555,0,0,7.19826682507513,27.3625200213561,16.5979490432392,42.7613837737884,0,39.4980522383294,0,0,0,0,14.4235551576644,0,0,5.52964690206529,0,39.1514934074805,0,45.380193485068,21.0918114143921,33.3829902491874,40.6783681214421,2.39486540856404,0,0,76.578665715305,38.1966186599875,0,0,0,0,0,0,0,0,0,36.1902090054706,0,44.092414508599,0,0,0,0,49.4080357975203,28.58541360744,0,0,28.5896967482645,2.05448861098705,0,0,34.3920695933644,35.2736750651607,0,0,0,0,0,1.01201771030993,10.4873875365679,0,0,75.4877357726868,21.2810788032027,25.7140918651197,0,71.5005441134981,0,0,0,0,77.8267679990718,41.8193742525366,53.358843537415,0,0,0,19.4068106920542,20.4216073781291,0,43.5122969534869,0,8.8918064092618,0,12.2982321291314,0,0,19.8347107438017,0,32.5216149758071,0,0,0,0,0,43.6363636363636,0,0,81.4263111179717,0,0,51.0158013544018,0,0
"Phenolic compound resistance",21.5770652766834,2.37247924080664,0,1.02967331273987,0,0,0,4.65190888675008,0,2.11368611761153,0.583754934119086,0,24.5479276684269,0,0,0,0,0,3.39616233655969,0,0,7.88849977006615,7.907133243607,0,4.644130035641,0,1.31310183834257,18.6398349560245,0,9.21412436095589,0,1.39641859701002,0,0,0,0,13.9910018654669,6.56324582338902,4.4691627768398,0,0,0,0,0,0,0,0,12.4345792658031,1.02089430340979,0,0,12.5825146434438,0,0,0.489775927513163,0,13.2751937984496,0,0,0,0,0,0,0,0,0,6.63673628733164,0,0,0,7.19424460431655,0,0,0,0,0,0,5.7230454777721,2.17692459924797,0,0,0,0,0,0,0,0,0,5.51078046428325,0,0,0,0,0,0,12.1481481481481,6.14717049358163,0,0,0,0,6.30235341045074,6.11938575222261,5.98601022329836,4.99394673123487,0,6.67408231368187,0,0,0,0,0,0,1.5374938849675,3.87079551521623,4.22877682630299,12.8284151321365,0,9.67494731464333,0,0,0,0,2.98418382572366,1.17970900511207,0,0,0,9.37303794062248,0,10.936112539141,5.78990901571547,7.5839653304442,5.09962049335863,1.05374077976818,0,0,19.015340706386,9.27876131382706,0,0,0,0,0,0,0,0,0,10.2398653387572,0,9.33721719005626,0,1.55363011652226,0,0,9.6951617414002,5.38423886441508,0,0,6.94190719766167,0,0,0,3.74266639692494,22.9365768896612,0,0,0,0,0,1.09635251950242,1.10393553016504,0,0,18.9427669392051,6.63716814159292,6.78472080873872,0,19.8802950304301,0,0,0,0,17.6074722979637,8.56448439489217,7.06845238095238,0,0,0,3.84474551446357,7.43459439111613,0,13.8299954334921,0,0,0,3.84319754035357,0,0,4.29752066115702,0,8.96327437138098,0,0,0,0,0,8.63136863136863,0,0,17.2114382742253,0,0,11.7381489841986,0,0
"Fosfomycin",0,0,0,0,0,0,0.140318054256314,0,0,0,0,0,0,0,0,0,0,0,0,0,0,0,0,0,0,0,0,0,0,0,0,0,0,0,0,0,0,0,0,0,0,0,0,0,0,0,0,0,0,0,0,0,0,0,0,0,0,0,0,0,0,0,0,0,0,0,0,0,0,0,0,0,0,0,0,0,0,0,0,0,0,0,0,0,0,0,0,0,0,0,0,0,0,0,0,0,0,0,0,0,0,0,0,0,0,0,0,0,0,0,0,0,0,0,0,0,0,0,0,0.407331975560081,0,0,0,0,0,0,0,0,0.672706072293479,0,0,0,0,0,0,0,0,0,0,0,0,0,0,0,0,0,0,0,0,0,0,0,0,0,0,0,0,0,0,0,0,0,0,0,0,0,0,0,0,0,0,0,0,0,0,0,0,0,0,0,0,0,0,0,0,0,0,0,0,0,0,0,0,0,0,0,0,0,0,0,0,0,0,0,0,0,0,0,0,0,0,0,0,0,0,0
"Peroxide resistance",52.8516879810898,9.81343685970021,0,2.34016661986333,0,0,0.187090739008419,21.655437921078,0,2.34015248735563,0,0,65.5144823171707,0,2.79376904842533,0,0.963913488764383,0,3.3112582781457,0,0,31.3771268881107,18.6742934051144,0.458085203847916,27.0007560211686,0.40166691770849,1.67785234899329,38.9807810633754,0,24.0756152657235,0.299255601690794,3.61425989814359,0,0,0,0,37.1447382859651,13.4248210023866,7.24997517131791,0,0,0,0,0,0.221827861579414,0,0,35.6334211796147,1.83760974613762,7.66463319255436,1.86942766752948,32.4790033160814,0,0,0,1.68768875466335,40.1162790697674,0,0,0,0,0,0,0,0,3.19727891156463,23.1635109636281,0,0.0897182845863987,0,14.5368241489283,0,2.06691020957508,0,0,0,0,11.9570771589167,5.9370670888581,0,0,0,0,0,0,0,0,0,11.2282151959771,0,0,0.395927601809955,0,0,0,30.3703703703704,19.2551075754836,0,0,0,0,23.1352213801356,12.5851518300427,20.3793381759483,17.1004842615012,0,18.0756395995551,0,0,0,3.25972660357518,0,0,1.60737997064784,15.8836091831287,14.2721217887726,36.2123430156406,0,27.4283159844179,0,1.69061707523246,0,0,7.55993235849995,0,0,1.39906728847435,0,26.4149251053906,0,28.5554049633126,12.9583677970775,23.090465872156,15.7732447817837,0,0,0,53.3535497681056,23.5099903227643,0,0,0,0,0,0.725727022964077,0.322341488572994,0,0,26.2308879225698,0,27.4131120067036,0,0.418285031371377,0,0,19.85643702806,15.6632403328439,0,0,22.8352210449397,2.27780259044216,0,0,16.4879627756423,14.4222415291051,0,0,0,0,0,1.05418511490618,3.47739692001987,0,0,49.5426212256132,17.3830594184576,34.5342289164801,0,61.5150538067792,0,0,0,0,50.8209085107617,27.2751822846341,28.5926870748299,0,0,0,19.6814353716587,26.0681347637869,0,37.9346337008285,0,2.20803246404488,0,14.0276710222905,0,0,9.58677685950413,0,24.3912112318553,0,0,0,0,0,28.3316683316683,0,0,42.1410103037086,0,0,32.3825159039606,0,0
"Acetate resistance",71.6104006303412,19.0876738919444,0,1.31049330712347,0,0,0,26.6281681103625,0,0,0,0,81.7730836933909,0,0,0,0,0,6.02818814739345,0,0,41.3527185255934,31.1238223418573,0,22.7886380818663,0,0,58.9235947736074,0,31.0307930091547,0,6.65352390340069,0,0,0,0,50.3127400416987,25.6563245823389,0,0,0,0,0,0,0,0,0,49.2186630043428,0,5.63115908024402,0,39.8549601760312,0,0,0,1.33238585894475,56.8475452196382,0,0,0,0,0,0,0,0,0,25.7661526449346,0,0,0,19.9510494697026,0,0,0,0,0,0,17.3735309146653,1.08846229962399,0,0,0,0,0,0,0,0,0,17.5656127299029,0,0,0,0,0,0,45.1481481481481,21.3342975953715,0,0,0,0,24.9700837654567,20.2055189931879,26.3653483992467,0,0,27.2525027808676,0,0,0,0,0,0,1.60737997064784,15.0827549386012,20.1924093455968,46.8449033053394,0,40.104732102944,0,0,0,0,1.19367353028947,0,0,0,0,31.6171853977935,0,39.7251951208113,12.6826578439482,25.7990249187432,32.8510436432638,0,0,0,63.8244737780949,28.8040075140889,0,0,0,0,0,0,0,0,0,31.841773039697,0,36.9099397470173,0,0,0,0,26.9413629160063,22.7116984826236,0,0,22.2871757398612,0,0,0,14.9706655876998,19.1138140747176,0,0,0,0,0,0,0,0,0,67.5544402169513,22.75600505689,47.5608928692584,0,88.4688243117972,0,0,0,0,61.2635609444799,36.1482967478107,30.6653911564626,0,0,0,26.3639692420359,27.4797666102014,0,52.0581903581447,0,3.87897595034911,0,11.6256725595696,0,0,17.6308539944904,0,30.5385896724042,0,0,0,0,0,37.002997002997,0,0,58.9279512213947,0,0,42.0685409398728,0,0
"Mercury resistance",0.545487605309413,0,1.59633745971507,0,0,1.00019051247857,0.374181478016838,2.72698107154315,0,0,0,0,0,0,0,0,0,0,0,0,0,4.52792811914111,0,0,0,0,0,0,0,0,4.48883402536191,3.36783308690652,0,0,0,0,3.20970042796006,0,0,0,0,0,0,0,0,0,0,0.185590735310493,0,0,0,0,0,0,0,2.57594599395985,0.613695090439277,0,0,0,0,0,0,0,0,0,9.10924588457284,0,0,0,7.26841207446414,0,0,0,0,0,0,0,0,0,0,0,0,0,0,0,0,0,18.3922297995454,0,0,0,0,0,0,0,2.6215874163804,0,0,0,0,17.6306342241723,0,0,0,0,0,0,0,0,0,0,0,0,0,0,0,0,3.00146880388275,0,12.5857048933972,0,0,0,0,0,0,0,0,0,6.4495022666729,0,1.55742145178765,0,0,0,0,3.12165536924724,0,0,0,0,0,0,0,0,0,0,0.561088511712723,0,0.79805275128686,0,0,0,0,3.728908362077,0,0,0,14.6145414687614,0,0,0,0,0,0,0,0,0,0,0,0,0,0,2.00356188780053,0,23.8822172467603,0,0,0,0,0,0,0.609154725300226,0,14.296343537415,0,0.353050678820169,0,0,0,0,0,0,0,0,5.95695618754804,0,0,0,0,0,0,0,0,0,0,1.31868131868132,0,0,0,0,0,0,0,0
"Chromium resistance",16.1221892235893,5.17631834357813,0,2.90180660863053,0,0,3.36763330215154,7.37888995829323,0,3.47248433607609,0,0,18.1148983837414,0,0,0,0,0,4.16029886228562,0,0,12.3456790123457,4.37415881561238,0,8.53223890268928,0,0,12.4144920192551,0,10.2841517060992,0,4.43568260226713,0,0,0,0,13.6343684845825,7.98031026252983,4.4691627768398,0,0,0,0,0,0,0,0,14.0306595894733,1.63343088545566,0,0,10.1341928285865,0,0,0,0,14.0826873385013,0,0,0,0,0,0,0,0,0,12.0372177760427,0,0,0,7.7134168953497,0,0,0,0,0,0,4.59887583035258,0,0,0,0,0,0,0,0,0,0,5.99297375490804,0,0,0,0,0,0,11.1481481481481,9.22075574037245,0,0,0,0,6.46190666134823,3.46380325597506,9.14716168953457,5.44794188861986,0,4.6347793845013,0,0,0,0,0,0,2.23635474177091,6.13988254137747,6.87176234274236,13.05955774713,0,11.4630563892969,0,0,0,0,3.08365661991445,0,0,3.73084610259827,0,8.83487308278769,0,8.69280740290695,7.16845878136201,6.77139761646804,5.45540796963947,0,0,0,15.0552978951124,7.17253942050435,0,0,0,0,0,0,0,0,0,8.13578341983448,0,7.94062487530426,0,0,0,0,11.4663932133868,8.12530592266275,0,0,5.48045305078553,0,0,0,5.66457616831884,10.3388357949609,0,0,0,0,0,0,1.76629684826406,0,0,17.3237270298713,6.42646439106616,9.15937309179727,0,16.4443190520334,0,0,0,0,15.9540523292916,10.3391072875275,6.59013605442177,0,0,0,3.02087147564995,5.175983436853,0,11.8076847804814,0,3.10318076027929,0,4.70791698693313,0,0,3.08539944903581,0,8.84429285317681,0,0,0,0,0,7.95204795204795,0,0,16.6325782425809,0,0,8.70100554073466,0,0
"Nickel resistance",143.038972058913,35.6950285775909,2.9517183217373,26.2098661424693,0,0,2.24508886810103,72.9868463265961,0,8.45474447044614,0,0,163.002080332853,0,12.5296308838469,0,10.8440267485993,0,32.518254372559,0,0,79.4863631539849,64.771197846568,0,46.117291284156,0,11.5261161365626,112.562886821818,0,58.5542741647842,1.90775446077881,15.6070313783473,0,0,0,0,100.954680127291,44.4510739856802,13.1095441453968,1.08948645570247,0,0,0,0,0,1.16905091524381,0,94.5028024201032,6.87402164295923,32.2227436258408,10.3537532355479,90.9907955496327,0.21639752224837,0,0.428553936574017,5.06306626399005,115.051679586563,0,0.684353400095809,0,0,0,0,0,0,4.82993197278912,57.3882490728089,0,0,0,47.7638507750501,0,4.2780234570275,0,0,0,0,38.5283597342872,20.1860281021176,0,0,0,0,0.131952233291548,2.09434869189041,0.266983091070899,0,0,42.0885857959633,0,0,6.67420814479638,0,0,0,88.037037037037,36.6118242632435,0,0,6.37450199203187,0,59.5133625847627,53.1116499249509,58.5149313962873,46.6101694915254,0,41.3422321097516,0,0,0,17.4553101997897,0,0,14.6061919071913,39.3753336892686,45.0364732001269,104.437938207874,0,73.6317772526981,0,0,0,0,18.7008853078683,0,0,10.9260493004664,0,71.1274553771639,0,75.8984904425854,49.0763716570168,57.827735644637,62.5,2.77804387393428,0,0,130.164109882269,63.243581715717,0,0,0,0,0,0,0.290107339715695,0,0,82.1994669659139,0.111067918031876,81.201867443438,0,1.55363011652226,0,0.781097441905878,71.5950405518784,54.9192364170338,0,0,56.1746437705517,3.43903528360875,0,0,51.891563827635,53.3449174630756,0,0,0,0,0,6.91545435378452,7.78274548766352,0,0,127.742248846434,72.0606826801517,82.5700522423502,0,179.386159364798,0,0,0,0,123.107269246389,85.3362138806373,81.2074829931973,0,0,0,43.8484071768583,53.1714662149445,0,95.7988127079392,0,17.3062003938653,0,34.3005380476557,0,0,40.8815426997245,0,68.1764099309907,0,0,0,0,0,80.8391608391608,0,1.3996595422735,136.765330143171,0,0,85.1631438538888,0,0
"Metronidazole",0,0,1.2047829884642,5.616399887672,1.69518129022132,0,0,0,2.14243498817967,0,0,1.86865083409778,0,4.1310253474327,1.35455469014561,3.42285413375461,4.51834447858305,3.4817306939989,2.63202581083376,3.60491813831728,0.271579233241298,0.212246630584739,1.26177658142665,0,0,0,0,0,2.60437861154065,0,2.84292821606254,0,1.96772924045651,0,0.809143319510468,15.1515151515152,0,8.12947494033413,1.29109146886483,0,0.256485416972006,6.04846331228972,0.395290397266849,0,0.332741792369122,3.90709121673589,2.97176820208024,0,3.40298101136596,0,2.10909788131531,0,4.19270199356217,3.39145500792568,3.9182074201053,7.6390122579499,0,0,1.52838926021397,0.550008461668641,0.331908891009418,6.75065740413674,0,1.78372352285396,0,0,1.88691521894723,1.3293094776173,0,1.90036649925343,0,2.81070098205215,0,4.59928455573577,1.30794942595553,0,1.58558177638012,3.37250894225856,1.38531565406689,3.75644273608806,1.06175590057787,0,1.64373392719849,0,8.03405891643205,0.444971818451498,4.94620996661308,3.66631097978057,1.72211889508852,3.30014061468706,1.07346951662299,2.65837104072398,1.05579897587499,0,6.17283950617284,0,3.88718134152956,0,2.04321928244909,0,7.96911966131241,0,0,2.69034167339252,0,0,3.24434556915091,2.47415392771936,3.05081513967013,2.3062902205855,0,2.49455973674433,1.32106628921916,1.67726605632819,0,0.740035944603024,0,1.00042875518079,13.0276518296187,2.26942100669188,0,0,0.830894837614248,0,1.32270403603475,0,0,0,0,2.61664564943253,0,0,0,0,4.11916850273015,7.78521953174194,4.05420415417083,0,0,1.84631056216973,2.2452088846123,4.85144539614561,1.86696538112765,2.57081003066931,0,0,3.21491199584335,3.85997281025442,0,0,0,0,0,2.20345207491737,0.820152314001172,0,0,0.994282873477504,2.69474068830071,0,0,7.15153913559657,0.404847372540552,0,0,0,0.578932935189981,0.752374682591931,0.582314283337493,0,4.3010752688172,5.24369376828393,2.20997566229334,2.0443657889116,0.404759977333441,0,0,3.31299837777321,0.806094071178106,3.53965368793648,4.99325236167341,0,8.20338482004286,0,0,0,0.522546337564934,0,3.33039196151547,7.23178322958623,0,3.51967648930992,0,0.930458351875076,3.69994629110223,4.44596443228454,0,5.58948349032191,0,0,0,0,4.87442413434388,2.79617765229667,1.73080838933008,0,2.94702213693373,0.999000999000999,0,4.16114999054284,0,1.38023782559456,2.92278757688202,0,2.17542881048668,2.72618844777645
"Fluoroquinolones",0,0,0,0,0,0,0,0,0,0,0,0,0,0,0,0,0,0,0,0,0,0,0,0,0,0,0,0,0,0,0,0,0,0,0,0,0,0,0,0,0,0,0,0,0,0,0,0,0,0,0,0.619828307558806,0,0,0,0,0,0,0,0,0,0,0,0,0,0,0,0,0,0,0,0,0,0,0,0,0,0,0,0,0,0,0,0,0,0,0,0,0,0,0,0,0,0,0,0,0,0,0,0,0,22.3374551256482,0,0,0,0,0,0,0,0,0,0,0,0,0,0,0,0,0,0,0,0,0,0,0,0,0,0,0,0,0,0,0,0,0,0,0,0,0,0,0,0,0,0,0,0,0,0,0,0,0,0,0,0,0,0,0,0,0,19.2729265619291,0,0,0,0,0,0,0,0,0,0,0,0,0,0,0.222617987533393,0,0,0,0,0,0,0,0,14.590706039334,0,0,0,0,0,0,0,0,0,0,0,0,0,0,0,0,0,0,0,0,0,0,0,0,0,0,0,0,0,0,0,0
"Nucleosides",45.1542517728347,145.368273482152,52.1369838257884,158.38247683235,36.0382985402606,73.3473042484283,57.2965388213283,75.3930060956047,31.7302009456265,153.317732316751,43.4480458108634,57.1807155233921,60.2016322611618,57.2057205720572,105.739925499492,74.7761979989468,52.1115729863245,58.8764572412174,201.052810324334,43.7525481192198,47.5716290227674,81.8918249672787,152.086137281292,69.3999083829592,319.040933146128,133.303208314505,72.8771520280128,39.9218212747475,65.4350126149589,100.9986921888,86.858938390753,206.669952357483,80.3136257681712,32.2844495765974,56.538889450794,121.212121212121,35.9102381213651,187.798329355609,100.705134571457,73.8869905412767,50.5276271434853,52.6594337126224,55.2559505322303,97.0394736842105,48.469387755102,83.3410244577757,40.7827763902501,43.650940945028,170.012931327843,267.792898482715,83.6928386540121,59.9373973409366,80.4728285861127,73.1006008773547,73.8643320680789,103.481968378042,47.9005167958656,69.6200143390815,56.8697675479618,112.455576239634,127.909388872754,36.3044075513168,51.8299223409276,76.5886287625418,97.8968073838705,141.632653061224,92.7841759385776,70.7408205791478,40.6423829176386,65.3997556671644,136.83898242231,89.6037927531324,88.2041915016343,84.7868109405204,46.5048684784188,96.4809027073101,65.5902328162575,245.068983137455,152.978428656244,50.7556565038875,85.3408062382511,60.3579588728104,107.425965693682,127.366893184667,65.1994781295063,63.9572827054287,60.096451094349,57.4571123696955,231.934972790521,46.0584842310672,55.6625517001863,65.8371040723982,85.836456738637,85.800321471444,53.3348389039446,43.7777777777778,371.903814861689,38.4222358471286,40.6219698019116,41.7602318000724,56.873365707882,118.548065416833,172.151021821961,207.896152811407,255.145278450363,38.1984036488027,299.499443826474,55.3739212394333,69.1835891568945,44.8238663839601,228.496319663512,47.1577941722838,93.1823543288511,155.77608498148,355.178857447944,141.24114599852,52.9316588335003,48.6637130198657,68.6186857398301,92.8135001454757,139.288062364985,41.8407331843648,57.1511144828583,202.725554560828,47.1883602044829,64.0815695967867,76.215856095936,108.441775108442,109.606242712351,67.4968474148802,80.7122493807543,187.620623104494,71.5059588299025,166.982922201139,78.7910719417569,44.5646573930963,64.8117294235255,31.6268283981448,49.638526783173,39.3136817979245,58.8164541736829,42.4919700214133,61.8232250493412,47.9659029406459,88.7460473796071,52.2193211488251,63.6162888874456,42.2654884443581,68.9437508767008,126.20092186372,62.3279198755038,99.7183098591549,172.81147296086,38.8970498224997,114.977543448545,76.6290668406824,161.037689672051,39.740243599304,38.6170042704789,149.890390938984,59.1335417597142,54.0181473838935,38.4874902161885,201.901679142221,92.5282363162467,196.208314298767,60.4527864956275,79.3755290134487,36.9353631145495,48.6586985391766,76.3230023192072,111.055914334603,67.4182448876829,57.2422420895249,42.1962276370112,305.204382638011,111.337268471402,46.1763429067562,33.1103139736407,59.2812270799452,55.2968960863698,81.7757009345794,61.5253861503215,40.5813076521436,72.9138536321901,72.8635204081633,61.1993975348108,37.3270854061688,68.6288463180667,104.265836689857,142.857142857143,57.7376717714457,47.5569182595081,39.3219790444597,129.617473294742,48.8266863095864,238.662567255957,83.1694441569196,0,209.586776859504,116.347569955817,41.4848893471881,57.4528161688215,93.5497882506244,60.3746691101609,26.1427577922488,47.9062435748064,37.1228771228771,102.366483869374,57.4995271420465,44.6108131053911,47.0342582106455,103.517511309917,88.5286271290786,59.0991493515549,57.377747486795
"Sulfonamides",0.242438935693072,0,0,0,0,0,0,6.25601539942252,0,0,0,0,4.12866058569371,0,0,0,0,0,0,0,0,0.318369945877109,0,0,0,0,0,0,0,0,0,0,0,0,0,0,6.94063425875123,0,0,0,0,0,0,0,0,0,0,0,0,0,0,10.5680726438776,0,0,0,0,1.42118863049096,0,0,0,0,0,0,0,0,0,0,0,0,0,1.03834458206631,0,0,0,0,0,0,0,0,0,0,0,0,0,0,0,0,0,0,0,0,0,0,0,0,0,0,0,0,0,0,4.14838452333466,4.50294423276758,0,0,0,2.68817204301075,0,0,0,0,0,0,0,0,0,0,0,0,0,15.9669390438621,0,0,0,0,0,0,0,2.2423535743116,0,0.467355236715427,0,0,0,0,0,0,0.356760613628255,0.740023908464735,0,0,0,0,0,0,0,0,0,11.4321784261467,0,0,0,0,0,0,1.8644541810385,0,0,0,5.57179393496529,0,0,0,0,0,0,0,0,0,0,0,0,0,0,0,2.84450063211125,32.770201506208,0,0,0,0,0,0,18.1005975517782,0,0,0,0,0,0,0,0,0,0,0,0,1.53727901614143,0.465790290860159,0,0,354.933726067747,0,0,0,0,0,0,1.11888111888112,0,0,0,0,0,1.1081469320747,0,0
"Tellurium resistance",18.2435299109037,0,0,1.1232799775344,0,0,0,0,0,0,0,0,28.4525524083853,0,0,0,0,0,0,0,0,19.9158088365347,0,0,0,0,0,0,0,8.02520508857449,0,0,0,0,0,0,0,22.2255369928401,0,0,0,0,0,0,0,0,0,0,0,0,0,10.1341928285865,0,0,0,0,8.01033591731266,0,0,0,0,0,0,0,0,0,0,0,0,0,4.07921085811763,0,0,0,0,0,0,5.4164537557486,0,0,0,0,0,0,0,0,0,0,4.33973961562306,0,0,0,0,0,0,18.3703703703704,0,0,0,0,0,0,12.7006119385752,0,0,0,0,0,0,0,0,0,0,0,0,3.38302146104239,19.4545034286155,0,11.8462226195798,0,0,0,0,0,0,0,0,0,0,0,28.2749918212834,0,0,0,0,0,0,7.5454869782376,0,0,0,0,0,0,0,0,0,0,0,0,3.83065320617693,0,0,0,0,0,0,0,0,0,0,0,0,0,5.2128583840139,0,0,0,0,0,0,1.10393553016504,0,0,0.627377964866834,0,7.9381233462243,0,0,0,0,0,0,0,0.347208826819953,0,0,0,0,0,0,0,15.6892165177115,0,0,0,0,0,0,0,0,0,0,0,0,0,0,0.31968031968032,0,0,49.3574653648748,0,0,0,0,0
"Tetracyclines",1514.90999454512,13246.6300010784,4744.43540857203,9712.81475241038,3280.45832679328,4512.76433606401,4583.53601496726,5425.24863650946,3158.3554964539,9716.61508266023,3620.47589926058,3575.00084938674,2615.68250920147,4019.86933387216,7012.69895022011,4027.81068983676,7501.71697090186,3785.54103747751,13912.5488198336,3614.85312104371,3526.99950210474,3561.10934238919,7000.92530282638,4713.10123683005,10236.2026136732,6288.74830546769,5772.83338196673,1637.91668174744,3861.80515992512,6156.40233028177,5468.07316799461,10511.4999178577,3839.88738534193,2988.35642802155,3613.35592191767,2659.09090909091,2147.70108636014,17241.1247016706,8751.61386433608,4835.78467785866,4748.49772827202,3743.1293237062,3889.48809893554,5331.08552631579,3021.87222715173,3654.39163205661,3070.84821851981,3966.25960432055,8669.02606683454,28172.3760362897,6897.61288467069,3223.51008770571,3618.05837323163,3406.16360084049,4555.31406881352,8494.67045656422,3831.94444444444,4165.54092298404,3661.81536145265,5271.74648840752,4255.44538024312,3684.68150241375,3777.0197794654,3864.13972500929,3992.28325011348,7195.71428571429,5836.87943262411,4655.67291801394,3560.67946647527,3381.29496402878,7171.92019580212,4858.17812394175,6410.44991347818,4491.47910325061,3309.89681732306,5346.59252344035,4016.1200813932,13653.7557485948,9192.85572926974,3231.09402754725,4102.50295899185,3268.75476009139,4658.50102070574,5355.2813881375,4294.23882441804,4093.26609314743,4201.8671942624,4379.70943117459,13593.9243645381,4400.95273624702,4258.32728191204,4543.15610859728,5471.09750303542,3152.84135994629,4817.63775971093,1933.44444444444,13232.2364852649,2946.10376339377,3807.76423327331,3968.34480260775,3279.5106462458,7886.55763861189,24376.0535734904,10620.930858219,11291.6162227603,3674.59252800322,8461.43863552095,3411.5048157639,3384.21203165221,3330.58066436038,9303.36487907466,3033.35810201157,4406.27506487379,8089.17464532812,14285.9049652963,14531.2400888043,5005.817089144,4629.66271259111,3530.55750686506,7217.57346523131,6509.25143232836,2860.06671200492,3109.24460821502,12161.5438177658,3653.9162764094,3432.22617024564,6883.74417055296,5149.98331664998,6647.68140640416,5681.14754098361,4476.04804411834,11874.276261373,4854.07638136511,8487.54743833017,5840.64565571415,3313.18335336882,4137.34310785294,2123.17160185515,4935.16252063528,3075.28490481951,3855.50477106888,3650.26097430407,3621.8594975196,3439.90167779181,5113.52444144938,3354.05989104858,4338.86471390531,4543.89201786755,7017.60415205499,5621.03626367524,4443.75723235306,5040.18779342723,7041.70899312817,3238.2176520994,4607.57664518649,3372.8908362077,9192.85364659814,4260.25354213274,3069.94907396835,9505.38911216661,4410.27244305493,4544.84552110128,3319.01972956195,12543.0912401376,5767.24587315378,7017.35952489721,4048.44754562906,3784.25655976676,3301.6803926462,5014.50199203187,7032.72190596669,7114.20213059557,3684.28119842225,4181.91804229091,2053.63069699668,9957.43784239359,4487.68573173214,3544.58838851189,1426.6353633469,3806.56270927006,3465.48582995951,2700,3977.38526346907,2634.65220165922,6229.23498321823,7940.74192176871,6061.47603971352,3494.46352344577,5091.144573169,36657.4514829733,9020.13928100885,4419.29082263077,1982.87559527693,3683.64416036248,7370.4123649818,3895.42775965485,11469.5426594927,6356.27781803126,0,11573.6639118457,456.553755522828,3462.48116125962,3378.39203447763,4390.29753502009,3366.89744111858,3088.4175254473,3208.48468233843,2736.18381618382,5304.08576651351,4147.11556648383,2102.49681626983,3451.974801812,4101.40802114573,6391.83254668582,3538.00027890113,3907.47997955359
"Iron resistance",0,0,0,0,0,0,0,0,0,0,0,0,8.73739798367739,0,0,0,0,0,0,0,0,0,14.1318977119785,0,0,0,0,0,0,0,0,0,0,0,0,0,40.080105344014,0,0,0,0,0,0,0,0,0,0,0,0,0,0,0,0,0,0,0,24.6124031007752,0,0,0,0,0,0,0,0,0,51.7275034159672,0,0,0,43.9813097975228,0,0,0,0,0,0,0,0,0,0,0,0,0,0,0,0,0,0,0,0,0,0,0,0,0,0,0,0,0,0,0,0,0,0,0,0,0,0,0,0,0,0,0,0,0,0,0,0,0,0,0,0,0,0,0,0,0,0,0,0,0,29.7264355362947,0,0,0,0,0,0,0,0,0,0,0,0,0,0,0,0,0,0,0,0,0,0,0,0,0,0,0,0,0,0,0,0,0,0,0,0,0,0,0,0,0,20.1772848700721,0,32.7023542981206,0,0,0,0,0,0,0,38.5016010184792,0,0,0,0,35.7927499084584,0,0,0,0,0,0,35.0691775557264,0,0,0,0,0,0,0,0,0,0,0,0,0,0,0,0,32.0952185512005,0,0
"Zinc resistance",134.220255773077,40.9791868866602,2.77100087346767,12.636899747262,0,0,1.26286248830683,59.3519409688803,0,9.13414357967842,0,0,156.248999839974,0,6.34947511005757,0,4.33761069943973,0,18.5939887926643,0,0,82.2101949131557,53.7516823687752,0,49.0333729344422,0,5.54420776189087,112.599080676101,0,52.8474616573535,0,18.2355840315426,0,0,0,0,89.8167453088994,44.9731503579952,3.57533022147184,0,0,0,0,0,0,1.50746039070912,0,86.0398648899447,6.60178316204996,35.9768496793368,1.96529575304381,76.5487959835126,0,0,3.18354352883556,24.6047255285131,99.2894056847545,0,0,0,0,0,0,0,0,3.74149659863946,65.1961741167285,0,0,0,100.571089520136,1.08364375211649,0.672947510094213,0,0,0,0,26.7756770567195,18.8996635661983,0,0,0,0,0,0,0,0,0,33.9601846111456,0,0,0.282805429864253,0,0,0,90.5925925925926,46.1037787018622,0,0,0.796812749003984,0,43.8771439968089,49.8787668860409,52.1926284638149,31.0230024213075,0,38.0978865406007,0,0,0,6.72975814931651,0,0,6.35963379691104,24.2925787506674,29.4957183634634,90.1456198474459,0,72.5461396002299,0,1.40884756269372,0,0,26.0618720779867,0,0,11.7255163224517,0,67.8087720871827,0,76.7864653923447,33.7744692583402,52.6137594799567,51.9449715370019,0.239486540856404,0,0,125.63325008919,53.2817214094609,0,0,0,0,0,2.48820693587683,0,0,0,66.4889886379576,0,72.0641634412035,0,0,0,0,65.0694509182437,45.5212922173275,0,0,45.3964194373401,0,0,0,39.4497268865062,74.9782797567333,0,0,0,0,0,1.39152435167615,10.8185681956174,0,0,123.5125070833,44.4584913611462,64.3870004749305,0,150.96126717988,0,0,0,0,123.716423971689,64.3879479958335,72.8635204081633,0,0,0,34.4196265104357,50.2540937323546,0,92.8632004696979,0,14.5610789520797,0,25.6533435818601,0,0,27.4380165289256,0,57.3887522804791,0,0,0,0,0,76.6833166833167,0,3.1019481747683,118.859259830973,0,0,86.5996306176893,0,0
